huc12,year,bmpMostFrequent,bmpsInstalled,bmpsActive,bmpInstalledAcres,bmpActiveAcres,sedimentReduction,phosphorusReduction,nitrogenReduction
40500012205,2013,Tree/Shrub Establishment,3,3,4,4,20,15,30
40500011706,2013,Cover Crop,7,7,70,70,13,14,29
40500011005,2013,Forage and Biomass Planting,7,7,74,74,68,71,14
40500011304,2013,N/a,0,0,0,0,0,0,0
40500012209,2013,N/a,0,0,0,0,0,0,0
40500011104,2013,Cover Crop,10,10,34,34,31,22,10
40500012201,2013,N/a,0,0,0,0,0,0,0
40500011403,2013,N/a,0,0,0,0,0,0,0
40500012202,2013,N/a,0,0,0,0,0,0,0
40500010806,2013,Cover Crop,11,11,66,66,80,93,18
40500011103,2013,Cover Crop,10,10,13,13,16,19,38
40500011705,2013,N/a,0,0,0,0,0,0,0
40500011502,2013,Cover Crop,59,59,14,14,23,27,54
40500011708,2013,Cover Crop,14,14,66,66,94,10,21
40500011605,2013,Cover Crop,64,64,13,13,33,39,78
40500011205,2013,N/a,0,0,0,0,0,0,0
40500012208,2013,N/a,0,0,0,0,0,0,0
40500011101,2013,Cover Crop,29,29,10,10,12,14,28
40500012203,2013,Cover Crop,3,3,14,14,71,62,12
40500011201,2013,Cover Crop,2,2,59,59,60,72,14
40500011102,2013,Cover Crop,53,53,15,15,18,37,12
40500011904,2013,N/a,0,0,0,0,0,0,0
40500011009,2013,Cover Crop,18,18,36,36,92,97,19
40500012101,2013,N/a,0,0,0,0,0,0,0
40500010701,2013,N/a,0,0,0,0,0,0,0
40500011803,2013,Cover Crop,37,37,11,11,28,33,67
40500011004,2013,N/a,0,0,0,0,0,0,0
40500011903,2013,N/a,0,0,0,0,0,0,0
40500010805,2013,Cover Crop,6,6,43,43,47,56,11
40500011804,2013,Cover Crop,52,52,14,14,25,27,55
40500011704,2013,Cover Crop,31,31,72,72,10,11,23
40500011901,2013,"Residue and Tillage Management, No-Till",25,25,65,65,11,12,25
40500011902,2013,"Residue and Tillage Management, No-Till",27,27,83,83,15,16,32
40500011507,2013,Cover Crop,35,35,16,16,35,43,87
40500011802,2013,Cover Crop,33,33,13,13,34,40,81
40500011506,2013,Cover Crop,93,93,17,17,44,52,10
40500012206,2013,Upland Wildlife Habitat Management,2,2,13,13,82,67,13
40500010803,2013,Cover Crop,2,2,13,13,49,54,10
40500011702,2013,Cover Crop,7,7,16,16,29,33,68
40500011202,2013,Cover Crop,2,2,18,18,21,25,51
40500011008,2013,Cover Crop,8,8,41,41,41,49,10
40500011003,2013,Forage and Biomass Planting,1,1,10,10,54,59,11
40500011204,2013,Cover Crop,3,3,42,42,46,54,10
40500012601,2013,N/a,0,0,0,0,0,0,0
40500011010,2013,Cover Crop,35,35,10,10,13,15,31
40500011002,2013,Early Successional Habitat Development/Management,2,2,14,14,79,86,17
40500011604,2013,Early Successional Habitat Development/Management,12,12,65,65,19,22,45
40500011503,2013,Cover Crop,60,60,13,13,19,21,43
40500011707,2013,Cover Crop,78,78,21,21,38,41,82
40500011007,2013,Cover Crop,20,20,68,68,35,36,72
40500011505,2013,Cover Crop,44,44,89,89,21,25,50
40500011105,2013,N/a,0,0,0,0,0,0,0
40500011801,2013,Cover Crop,14,14,54,54,78,88,17
40500011001,2013,Cover Crop,57,57,17,17,71,77,15
40500011107,2013,Cover Crop,1,1,38,38,38,45,92
40500012002,2013,Cover Crop,5,5,85,85,11,13,26
40500012207,2013,N/a,0,0,0,0,0,0,0
40500012003,2013,N/a,0,0,0,0,0,0,0
40500011601,2013,Cover Crop,33,33,45,45,15,17,34
40500012104,2013,Forage and Biomass Planting,1,1,6,6,12,14,28
40500011203,2013,Cover Crop,17,17,48,48,58,67,13
40500012004,2013,N/a,0,0,0,0,0,0,0
40500011006,2013,Cover Crop,2,2,74,74,30,32,64
40500011603,2013,Cover Crop,27,27,54,54,15,17,35
40500010801,2013,Cover Crop,4,4,10,10,44,47,94
40500011709,2013,Cover Crop,17,17,47,47,75,82,16
40500010802,2013,N/a,0,0,0,0,0,0,0
40500011501,2013,Cover Crop,48,48,77,77,17,20,40
40500010804,2013,Cover Crop,2,2,55,55,22,24,48
40500012103,2013,N/a,0,0,0,0,0,0,0
40500011303,2013,N/a,0,0,0,0,0,0,0
40500011106,2013,Cover Crop,6,6,41,41,38,46,94
40500011701,2013,Cover Crop,73,73,16,16,38,45,91
40500011703,2013,Cover Crop,14,14,44,44,61,69,14
40500012001,2013,Cover Crop,1,1,8,8,13,14,29
40500011504,2013,Cover Crop,34,34,58,58,17,20,40
40500010807,2013,N/a,0,0,0,0,0,0,0
40500011805,2013,"Residue and Tillage Management, No-Till",7,7,24,24,54,61,12
40500012204,2013,Prescribed Grazing,4,4,51,51,28,23,47
40500011602,2013,Cover Crop,18,18,21,21,58,67,13
40500012102,2013,N/a,0,0,0,0,0,0,0
40500011305,2013,N/a,0,0,0,0,0,0,0
40500012205,2014,Tree/Shrub Establishment,1,4,0,5,24,18,36
40500011706,2014,Cover Crop,7,7,97,97,17,18,37
40500011005,2014,N/a,0,6,0,60,62,64,12
40500011304,2014,N/a,0,0,0,0,0,0,0
40500012209,2014,N/a,0,0,0,0,0,0,0
40500011104,2014,Cover Crop,5,7,15,16,18,27,16
40500012201,2014,Cover Crop,1,1,57,57,28,25,50
40500011403,2014,N/a,0,0,0,0,0,0,0
40500012202,2014,N/a,0,0,0,0,0,0,0
40500010806,2014,"Residue and Tillage Management, No-Till",6,6,55,55,67,78,15
40500011103,2014,"Residue and Tillage Management, No-Till",56,56,43,43,73,80,16
40500011705,2014,N/a,0,0,0,0,0,0,0
40500011502,2014,Cover Crop,45,54,14,14,19,23,46
40500011708,2014,Cover Crop,11,11,57,57,83,92,18
40500011605,2014,Cover Crop,38,43,87,92,23,28,56
40500011205,2014,Cover Crop,10,10,98,98,14,15,32
40500012208,2014,Cover Crop,1,1,80,80,38,33,67
40500011101,2014,Cover Crop,21,22,50,50,73,82,16
40500012203,2014,N/a,0,0,0,0,0,0,0
40500011201,2014,Cover Crop,1,1,19,19,21,25,50
40500011102,2014,Cover Crop,21,23,42,43,63,22,98
40500011904,2014,Tree/Shrub Establishment,7,7,31,31,30,31,63
40500011009,2014,Cover Crop,21,22,45,45,18,45,32
40500012101,2014,N/a,0,0,0,0,0,0,0
40500010701,2014,N/a,0,0,0,0,0,0,0
40500011803,2014,Cover Crop,24,31,66,75,20,24,48
40500011004,2014,N/a,0,0,0,0,0,0,0
40500011903,2014,N/a,0,0,0,0,0,0,0
40500010805,2014,Cover Crop,4,4,17,17,25,28,57
40500011804,2014,"Residue and Tillage Management, No-Till",30,30,80,80,16,17,35
40500011704,2014,Cover Crop,34,34,74,74,11,12,25
40500011901,2014,"Residue and Tillage Management, No-Till",22,23,57,57,10,11,22
40500011902,2014,"Residue and Tillage Management, No-Till",19,19,70,70,13,14,28
40500011507,2014,Cover Crop,22,24,75,76,18,21,43
40500011802,2014,Cover Crop,41,42,13,13,35,41,82
40500011506,2014,Cover Crop,57,72,13,13,35,42,84
40500012206,2014,Cover Crop,5,5,72,72,42,35,71
40500010803,2014,N/a,0,0,0,0,0,0,0
40500011702,2014,Cover Crop,38,38,87,87,17,18,36
40500011202,2014,Cover Crop,2,2,73,73,72,87,17
40500011008,2014,Cover Crop,49,49,11,11,18,20,41
40500011003,2014,Forage and Biomass Planting,1,2,40,50,24,27,54
40500011204,2014,Cover Crop,3,3,42,42,46,54,10
40500012601,2014,N/a,0,0,0,0,0,0,0
40500011010,2014,"Residue and Tillage Management, No-Till",20,20,50,50,85,94,18
40500011002,2014,N/a,0,0,0,0,0,0,0
40500011604,2014,Conservation Cover,21,21,74,74,20,23,46
40500011503,2014,Cover Crop,58,58,12,12,17,20,40
40500011707,2014,Cover Crop,75,75,17,17,34,36,73
40500011007,2014,Cover Crop,16,19,47,50,29,29,58
40500011505,2014,Cover Crop,16,24,49,53,11,14,28
40500011105,2014,Heavy Use Area Protection,2,2,8,8,4,44,21
40500011801,2014,Cover Crop,10,10,41,41,59,66,13
40500011001,2014,Cover Crop,20,20,29,29,13,13,27
40500011107,2014,Cover Crop,2,2,38,38,42,49,98
40500012002,2014,Cover Crop,7,7,15,15,19,22,45
40500012207,2014,Cover Crop,3,3,11,11,62,54,10
40500012003,2014,N/a,0,0,0,0,0,0,0
40500011601,2014,"Residue and Tillage Management, No-Till",25,32,35,37,13,15,31
40500012104,2014,N/a,0,1,0,6,12,14,28
40500011203,2014,Cover Crop,15,15,44,44,53,62,12
40500012004,2014,N/a,0,0,0,0,0,0,0
40500011006,2014,Cover Crop,13,13,40,40,16,17,34
40500011603,2014,Cover Crop,30,32,41,41,11,13,26
40500010801,2014,Cover Crop,10,10,14,14,68,73,14
40500011709,2014,Cover Crop,12,14,32,37,62,67,13
40500010802,2014,Early Successional Habitat Development/Management,1,1,70,70,30,34,68
40500011501,2014,Cover Crop,31,33,50,50,10,11,23
40500010804,2014,N/a,0,0,0,0,0,0,0
40500012103,2014,N/a,0,0,0,0,0,0,0
40500011303,2014,N/a,0,0,0,0,0,0,0
40500011106,2014,Cover Crop,8,8,60,60,55,67,13
40500011701,2014,Cover Crop,7,14,17,18,42,50,10
40500011703,2014,Cover Crop,36,36,10,10,19,20,42
40500012001,2014,Cover Crop,1,1,8,8,13,14,29
40500011504,2014,Cover Crop,9,11,29,29,68,82,16
40500010807,2014,N/a,0,0,0,0,0,0,0
40500011805,2014,"Residue and Tillage Management, No-Till",6,6,13,13,31,32,64
40500012204,2014,Early Successional Habitat Development/Management,5,5,4,4,42,35,70
40500011602,2014,Cover Crop,18,19,29,29,79,92,18
40500012102,2014,N/a,0,0,0,0,0,0,0
40500011305,2014,N/a,0,0,0,0,0,0,0
40500011107,2015,Cover Crop,5,6,56.1,56.1137741,101.2448244,108.2050124,217.1578062
40500010805,2015,Cover Crop,8,8,332,332,382.7818701,448.9046556,902.6765572
40500010807,2015,N/a,0,0,0,0,0,0,0
40500010806,2015,Cover Crop,12,12,1175.1,1175.1,1188.332792,1423.46163,2863.675387
40500011205,2015,Cover Crop,10,10,98.3,98.3,142.9233538,159.5978472,320.5796078
40500011105,2015,Cover Crop,16,18,172.8,181.5,219.7624953,696.2332783,2630.923145
40500011106,2015,Cover Crop,8,8,608.5,608.5,552.4143811,676.9721588,1362.516544
40500011102,2015,Cover Crop,25,29,479.8,484.3936639,743.7480017,2415.407443,10131.79583
40500010804,2015,Cover Crop,2,2,60.2,60.2,249.6812518,266.9845638,533.9092574
40500011506,2015,Cover Crop,82,105,1522.224151,1626.121534,3632.431772,4342.647309,8680.146371
40500011004,2015,N/a,0,0,0,0,0,0,0
40500011505,2015,Cover Crop,37,45,873.7481635,916.6918274,2118.07187,2555.289107,5101.833635
40500011708,2015,Cover Crop,7,7,404.4,404.4,536.9797043,610.6417706,1227.086177
40500011501,2015,Cover Crop,33,39,683.2,693.927135,1484.316513,1753.748177,3508.742037
40500011007,2015,Cover Crop,16,19,486.6,520.6,2959.246594,2999.23043,5998.860884
40500011101,2015,Cover Crop,13,15,289.1,289.2131313,420.379575,475.8487062,951.9888179
40500011603,2015,Cover Crop,41,43,934,937.1,2357.832755,2797.706253,5592.730584
40500011904,2015,N/a,0,7,0,31.1,30.4616607,31.62812835,63.42884954
40500011203,2015,Cover Crop,10,10,519.6,519.6,837.0745053,1026.598837,2055.969894
40500011903,2015,Streambank & Shoreline Protection,1,1,1.360192837,1.360192837,247,210,420
40500011201,2015,Cover Crop,3,3,58.4,58.4,62.53410559,74.18142919,149.1984881
40500012104,2015,N/a,0,1,0,6.9,12.1878315,14.10714337,28.3628172
40500011604,2015,Early Successional Habitat Development/Management,18,33,62.4,98.7834022,263.9788953,310.1093396,616.0194565
40500011601,2015,"Residue and Tillage Management, No-Till",11,25,166.3,212.8476584,911.7638285,1008.025659,2015.664068
40500011701,2015,Cover Crop,29,38,603.9,614.2,1547.75548,1840.321908,3679.812874
40500011901,2015,Cover Crop,24,26,459.5,470.7,778.8593971,852.4140314,1711.573206
40500011705,2015,N/a,0,0,0,0,0,0,0
40500011703,2015,Cover Crop,24,25,543.8,551.8,740.9480229,840.7153486,1689.312498
40500012203,2015,N/a,0,0,0,0,0,0,0
40500012102,2015,N/a,0,0,0,0,0,0,0
40500011204,2015,N/a,0,0,0,0,0,0,0
40500011802,2015,Cover Crop,38,39,1407.8,1408.5,3053.460204,3683.159814,7364.149503
40500011805,2015,"Residue and Tillage Management, No-Till",15,16,477.6,480.1,973.5777642,1028.42202,2063.392133
40500011804,2015,Cover Crop,40,40,1387.5,1387.5,2519.242634,2846.347404,5706.139094
40500012208,2015,Cover Crop,1,1,80,80,381.4619243,337.4785311,674.5160006
40500011003,2015,N/a,0,2,0,50.5,241.2553297,270.3201932,540.4770634
40500011002,2015,Forage and Biomass Planting,1,1,8.5,8.5,47.5588805,51.64957493,103.2792565
40500011006,2015,Cover Crop,3,3,46,46,223.0857964,241.4886949,482.8940627
40500010802,2015,Cover Crop,1,1,160.1,160.1,546.6685517,607.950453,1215.598159
40500010803,2015,N/a,0,0,0,0,0,0,0
40500011001,2015,Cover Crop,52,52,1724.6,1724.6,6868.988857,7401.251223,14800.44186
40500011403,2015,N/a,0,0,0,0,0,0,0
40500011009,2015,Cover Crop,13,21,174.7,295.7231405,1679.792555,4330.058037,2852.955793
40500011010,2015,Cover Crop,10,10,327.2,327.2,374.5149651,439.331989,883.4215291
40500011104,2015,Cover Crop,2,7,151.7,160.5492287,184.7444688,2732.584054,16907.27673
40500011103,2015,"Residue and Tillage Management, No-Till",33,33,430.4,430.4,619.0046894,693.4951245,1393.196421
40500011709,2015,Cover Crop,8,10,214.1,267.2,313.6072147,361.7284144,726.6491856
40500011902,2015,"Residue and Tillage Management, No-Till",15,15,451,451,776.7213226,840.9332757,1688.122891
40500011008,2015,Cover Crop,14,16,327.3,327.5,507.1512193,594.3141025,1191.603406
40500011005,2015,N/a,0,6,0,60.46359045,624.3312732,644.0971419,1288.106624
40500011605,2015,Cover Crop,39,54,999.3,1128.5,3413.924628,3966.824098,7923.25391
40500011706,2015,Cover Crop,8,8,155.2,155.2,240.6164546,264.9436871,532.046477
40500011503,2015,Cover Crop,23,23,673.2309917,673.2309917,913.1894239,1039.877099,2089.771941
40500011502,2015,Cover Crop,13,22,710.8,756,1067.399249,1281.43096,2570.087578
40500012204,2015,Firebreak,4,4,14.18601928,14.18601928,97.12936878,85.36638907,170.6685196
40500011504,2015,Cover Crop,30,33,455.6929752,463.3929752,1125.492929,1351.468989,2699.542575
40500011702,2015,Cover Crop,14,14,482.7,482.7,989.4726117,1185.090899,2370.6079
40500011707,2015,Cover Crop,38,38,973.9,973.9,1388.841075,1556.329371,3126.393874
40500011602,2015,Cover Crop,30,31,443.9,447.6,1171.779845,1373.333885,2745.464485
40500012101,2015,Cover Crop,1,1,36.8,36.8,193.3589584,167.8323757,335.3086801
40500012103,2015,N/a,0,0,0,0,0,0,0
40500011202,2015,Cover Crop,2,2,117.4,117.4,270.5183247,338.0757449,675.697599
40500011507,2015,Cover Crop,37,39,1314.4,1325,2981.753488,3621.350684,7238.651053
40500011704,2015,Cover Crop,1,1,42.6,42.6,59.62456372,67.11600197,134.8366754
40500011305,2015,N/a,0,0,0,0,0,0,0
40500012202,2015,N/a,0,0,0,0,0,0,0
40500011801,2015,Cover Crop,16,16,557.9,557.9,753.30611,876.8104288,1760.504235
40500011803,2015,Cover Crop,29,38,912.6,1009.5,2264.459774,2748.790906,5495.093488
40500012209,2015,N/a,0,0,0,0,0,0,0
40500012201,2015,N/a,0,0,0,0,0,0,0
40500012004,2015,N/a,0,0,0,0,0,0,0
40500012207,2015,Cover Crop,3,3,119.9,119.9,622.958993,541.901106,1082.703215
40500012206,2015,N/a,0,0,0,0,0,0,0
40500012205,2015,N/a,0,4,0,5.3,24.29840828,18.10712228,36.05476326
40500012002,2015,Cover Crop,2,2,65.7,65.7,83.72648405,95.98914876,192.9187462
40500012001,2015,N/a,0,0,0,0,0,0,0
40500012003,2015,N/a,0,0,0,0,0,0,0
40500011303,2015,N/a,0,0,0,0,0,0,0
40500011304,2015,N/a,0,0,0,0,0,0,0
40500012601,2015,N/a,0,0,0,0,0,0,0
40500010801,2015,Cover Crop,7,9,313.1,313.2358127,1250.023967,1344.22433,2689.083797
40500010701,2015,Cover Crop,1,1,63.2,63.2,242.3868858,263.3578211,526.6273243
40500011107,2016,Cover Crop,2,3,46.20068871,46.21446281,62.49352748,70.59507145,150.8313858
40500010805,2016,Cover Crop,11,14,328.5,332.5,315.6900773,382.2317894,769.1126668
40500010807,2016,Cover Crop,1,1,1.5,1.5,2.23343474,2.48367568,4.988431393
40500010806,2016,Cover Crop,13,14,1948.9,1951.9,2473.874022,2956.575655,5934.043659
40500011205,2016,Cover Crop,10,10,81.3,81.3,119.0146125,132.2805915,265.6819707
40500011105,2016,Cover Crop,3,5,14.5,23.2,22.30684803,469.1291872,2174.444375
40500011106,2016,Cover Crop,16,16,1011.9,1011.9,901.2510889,1107.962322,2230.112465
40500011102,2016,Cover Crop,10,14,156.4,160.9936639,285.5065038,1898.581548,9093.402747
40500010804,2016,Cover Crop,4,4,138.3,138.3,567.0287932,607.8028028,1215.459101
40500011506,2016,Cover Crop,68,102,2058.1,2206.121534,4720.776731,5708.543451,11409.84997
40500011004,2016,Cover Crop,4,4,51.2,51.2,209.4065797,224.3266998,448.5998562
40500011505,2016,Cover Crop,41,56,823.2,898.9918274,2198.690007,2635.342086,5262.956988
40500011708,2016,Cover Crop,8,8,285.7,285.7,358.3963546,412.1290497,828.349699
40500011501,2016,Cover Crop,41,47,1036,1046.727135,1957.09017,2349.969467,4703.115055
40500011007,2016,Cover Crop,2,5,36.1,70.1,340.5562847,368.6294413,737.1327872
40500011101,2016,Cover Crop,2,4,90.9,91.01313131,148.5998015,167.6880153,332.7674184
40500011603,2016,Cover Crop,40,45,896.2056015,937.5056015,2270.114756,2710.43163,5418.14695
40500011904,2016,Cover Crop,5,12,88.9,120,151.3887913,168.4807508,338.3989323
40500011203,2016,Cover Crop,14,15,519.2,585.5,945.0084412,1143.492021,2290.63892
40500011903,2016,Cover Crop,1,2,23.6,24.96019284,278.4864068,245.7776699,491.8921364
40500011201,2016,Cover Crop,8,8,291.9,291.9,287.1832154,346.3427197,696.833187
40500012104,2016,N/a,0,1,0,6.9,12.1878315,14.10714337,28.3628172
40500011604,2016,Early Successional Habitat Development/Management,5,26,19.4,84.8834022,214.0897943,250.937722,497.7355324
40500011601,2016,Conservation Cover,2,17,11.8,61.0476584,248.9025576,290.4369946,580.7208425
40500011701,2016,Cover Crop,23,35,755.3,766.7,1875.530873,2236.446713,4471.638554
40500011901,2016,Cover Crop,8,12,247,272.8,447.2981121,492.5803523,989.2086004
40500011705,2016,Forage and Biomass Planting,2,2,7,7,15.04284067,16.75001511,33.64854829
40500011703,2016,Cover Crop,2,3,30.4,38.4,64.02927058,70.85511807,142.3027364
40500012203,2016,Windbreak/Shelterbelt Establishment,1,1,3.166896235,3.166896235,3,3,6
40500012102,2016,N/a,0,0,0,0,0,0,0
40500011204,2016,N/a,0,0,0,0,0,0,0
40500011802,2016,Cover Crop,40,44,1428.3,1431.9,3165.957121,3805.843236,7609.478384
40500011805,2016,Cover Crop,31,32,1544.6,1547.1,2187.62595,2451.168047,4924.170467
40500011804,2016,Cover Crop,39,39,1394.9,1394.9,2642.137,2982.576392,5977.499938
40500012208,2016,Cover Crop,1,1,80,80,381.4619243,337.4785311,674.5160006
40500011003,2016,Cover Crop,9,11,164.6,215.1,964.78251,1034.959734,2069.64728
40500011002,2016,Urban: Rain Garden,2,3,0.0521809,8.5521809,47.5588805,51.64957493,113.2792565
40500011006,2016,Cover Crop,14,15,352.2,378.2,1570.741652,1688.162117,3375.875719
40500010802,2016,N/a,0,0,0,0,0,0,0
40500010803,2016,Streambank and Shoreline Protection,1,1,0.010789715,0.010789715,66,56,112
40500011001,2016,Cover Crop,27,27,1012.9,1012.9,3993.877525,4312.747377,8624.229536
40500011403,2016,N/a,0,0,0,0,0,0,0
40500011009,2016,Cover Crop,5,13,168.9,289.9231405,1120.873656,3792.416383,1778.860282
40500011010,2016,Cover Crop,3,3,32.8,32.8,37.52334484,43.93132682,88.33278524
40500011104,2016,N/a,0,5,0,8.84922865,49.21914093,2566.025214,16572.02896
40500011103,2016,Cover Crop,1,1,140.5,140.5,118.6069667,147.4547866,296.8677877
40500011709,2016,Lined Waterway or Outlet,13,15,58.64807163,111.7480716,391.490972,409.2071253,820.4023966
40500011902,2016,"Residue and Tillage Management, No-Till",7,7,328,328,517.2652257,568.8414324,1142.298099
40500011008,2016,Cover Crop,55,57,1237.711191,1237.911191,1517.068401,1769.578134,3554.393926
40500011005,2016,Cover Crop,6,12,103.7,164.1635905,1082.899461,1128.122028,2256.09164
40500011605,2016,Cover Crop,29,60,932,1101.9,3144.728288,3719.19113,7427.713199
40500011706,2016,Cover Crop,2,2,86.4,86.4,106.2076551,122.6239034,246.4863763
40500011503,2016,Cover Crop,11,12,230.1,230.1309917,282.0193156,327.1684658,657.7710712
40500011502,2016,Cover Crop,9,18,311,356.2,649.7889936,783.660354,1568.961564
40500012204,2016,Conservation Cover,5,8,16.1,17.48601928,137.2785126,117.6888616,235.1471545
40500011504,2016,Cover Crop,20,30,466.3,509.7929752,1226.709103,1475.033238,2946.529515
40500011702,2016,Cover Crop,19,19,732.6,732.6,1246.024072,1466.991927,2939.086159
40500011707,2016,Cover Crop,28,28,1084.7,1084.7,1661.838199,1833.844574,3682.742845
40500011602,2016,Cover Crop,16,17,422,425.7,983.7274923,1183.183756,2365.128211
40500012101,2016,N/a,0,0,0,0,0,0,0
40500012103,2016,N/a,0,0,0,0,0,0,0
40500011202,2016,Cover Crop,1,2,62,117.4,270.5183247,338.0757449,675.697599
40500011507,2016,Cover Crop,33,39,1292,1360,3045.84542,3703.619889,7403.065451
40500011704,2016,Cover Crop,4,4,56.8,56.8,90.69057903,99.46513902,199.7155019
40500011305,2016,N/a,0,0,0,0,0,0,0
40500012202,2016,N/a,0,0,0,0,0,0,0
40500011801,2016,Cover Crop,8,8,259.9,259.9,395.1943615,461.8014591,926.2246465
40500011803,2016,Cover Crop,16,25,595.6,692.5,1577.337953,1924.050775,3845.879934
40500012209,2016,N/a,0,0,0,0,0,0,0
40500012201,2016,N/a,0,0,0,0,0,0,0
40500012004,2016,N/a,0,0,0,0,0,0,0
40500012207,2016,Cover Crop,3,3,119.9,119.9,622.958993,541.901106,1082.703215
40500012206,2016,N/a,0,0,0,0,0,0,0
40500012205,2016,Cover Crop,13,17,134.975,140.275,830.0362266,713.4353314,1424.122527
40500012002,2016,N/a,0,0,0,0,0,0,0
40500012001,2016,N/a,0,0,0,0,0,0,0
40500012003,2016,N/a,0,0,0,0,0,0,0
40500011303,2016,N/a,0,0,0,0,0,0,0
40500011304,2016,N/a,0,0,0,0,0,0,0
40500012601,2016,N/a,0,0,0,0,0,0,0
40500010801,2016,Cover Crop,3,5,190.8,190.9358127,740.9848196,800.2379993,1601.230716
40500010701,2016,Cover Crop,1,1,63.2,63.2,242.3868858,263.3578211,526.6273243
40500011107,2017,Cover Crop,8,10,108.4,108.4144628,154.5173168,173.0215161,356.5579632
40500010805,2017,Cover Crop,3,6,231.3,235.3,207.0885845,254.4976639,512.2520988
40500010807,2017,Cover Crop,4,4,343,343,291.4496647,361.6416847,728.0587178
40500010806,2017,Cover Crop,14,16,1460.2,1466.2,1251.380385,1552.328172,3125.135233
40500011205,2017,N/a,0,1,0,2,2.136866665,2.120905952,4.249072547
40500011105,2017,Cover Crop,6,8,32.4,41.1,43.36862154,493.6358423,2223.71362
40500011106,2017,Cover Crop,16,16,1011.9,1011.9,901.2510889,1107.962322,2230.112465
40500011102,2017,"Residue and Tillage Management, No-Till",8,12,149.9,154.4936639,314.7057755,1924.524119,9145.228425
40500010804,2017,Cover Crop,11,11,330.4459137,330.4459137,1333.608677,1432.338457,2865.275222
40500011506,2017,Cover Crop,67,104,2466.368985,2650.790519,6586.843531,7809.752611,15599.64672
40500011004,2017,Cover Crop,4,4,93.2,93.2,290.2911268,328.780954,657.3561518
40500011505,2017,Cover Crop,34,61,753.1,904.0918274,2239.821984,2679.639379,5351.539738
40500011708,2017,Cover Crop,35,35,1362.3,1362.3,1809.828217,2056.856738,4133.173799
40500011501,2017,Cover Crop,29,36,822.4,834.027135,1718.388256,2064.196293,4128.727925
40500011007,2017,Cover Crop,9,13,215.5,253.3,1125.167824,1202.207001,2404.138602
40500011101,2017,Cover Crop,15,17,340.8,340.9131313,410.7656728,480.9203836,962.8636448
40500011603,2017,Cover Crop,38,45,602.0652893,643.4708907,1628.758514,1942.760554,3882.592808
40500011904,2017,Cover Crop,16,23,568.9,600,730.1255956,838.942108,1686.194365
40500011203,2017,Cover Crop,23,26,1236.8,1303.3,1669.508571,2014.472331,4042.937609
40500011903,2017,Cover Crop,5,6,87.1,88.46019284,372.3508738,353.8450122,709.1223986
40500011201,2017,Cover Crop,8,8,291.9,291.9,287.1832154,346.3427197,696.833187
40500012104,2017,N/a,0,1,0,6.9,12.1878315,14.10714337,28.3628172
40500011604,2017,Early Successional Habitat Development/Management,10,31,68.8,134.2834022,338.3876705,400.2461078,796.1954178
40500011601,2017,Early Successional Habitat Development/Management,5,21,7.8,59.4476584,252.8400078,295.3277878,590.4944243
40500011701,2017,Cover Crop,19,32,579.1,591.1,1502.980636,1780.631178,3560.538381
40500011901,2017,Cover Crop,10,15,476.2139578,508.5139578,612.4249837,715.6860574,1439.007329
40500011705,2017,Cover Crop,2,4,54.5,61.5,89.3195379,100.7792711,202.4824312
40500011703,2017,Cover Crop,44,45,702.8,710.8,991.2003552,1115.74294,2241.56568
40500012203,2017,Streambank and Shoreline Protection,1,2,0.261707989,3.428604224,54.4,46.6,93.2
40500012102,2017,N/a,0,0,0,0,0,0,0
40500011204,2017,Cover Crop,5,5,335.7,335.7,364.1836348,430.347296,865.4766599
40500011802,2017,Cover Crop,27,31,1103.1,1106.7,2378.098172,2856.814752,5712.919735
40500011805,2017,Cover Crop,34,35,1555.3,1557.8,2208.748272,2472.567795,4967.059303
40500011804,2017,Cover Crop,63,63,2366.2,2366.2,3956.303017,4660.789002,9343.340262
40500012208,2017,N/a,0,0,0,0,0,0,0
40500011003,2017,Cover Crop,13,15,233.396281,283.896281,1266.153836,1352.411275,2704.484602
40500011002,2017,N/a,0,3,0,8.5521809,47.5588805,51.64957493,113.2792565
40500011006,2017,N/a,0,1,0,26,126.5003545,141.2810585,282.4800655
40500010802,2017,N/a,0,0,0,0,0,0,0
40500010803,2017,N/a,0,1,0,0.010789715,66,56,112
40500011001,2017,Cover Crop,6,6,117.2,117.2,465.1840194,491.672684,983.2745871
40500011403,2017,N/a,0,0,0,0,0,0,0
40500011009,2017,Cover Crop,24,32,600.1,721.1231405,1945.567817,4699.743752,3598.762319
40500011010,2017,Cover Crop,6,6,103.9,103.9,113.4165468,134.0445675,269.5776777
40500011104,2017,Cover Crop,4,9,69.8,78.64922865,154.9357331,2683.780721,16808.55677
40500011103,2017,Cover Crop,11,11,383.4,383.4,370.2514618,447.8542499,901.1324991
40500011709,2017,"Residue and Tillage Management, No-Till",28,41,724.9291322,797.4772039,1601.503096,1715.818223,3443.002118
40500011902,2017,Cover Crop,11,11,705.6,705.6,937.8020178,1063.878728,2137.785133
40500011008,2017,Cover Crop,19,22,577.6,577.8111915,1271.969385,1451.517783,2904.907641
40500011005,2017,N/a,0,6,0,60.46359045,624.3312732,644.0971419,1288.106624
40500011605,2017,Cover Crop,20,57,594.4,852,2609.056561,3072.893837,6134.811533
40500011706,2017,Cover Crop,5,5,114.6,114.6,151.1364042,172.0805175,345.7962987
40500011503,2017,Cover Crop,18,19,409.6,409.6309917,534.9599044,612.3362799,1230.720261
40500011502,2017,Cover Crop,13,22,579.8,625,922.3980905,1126.307803,2257.84032
40500012204,2017,Cover Crop,1,7,22.2,35.68601928,227.311264,195.1587831,389.8844705
40500011504,2017,Cover Crop,23,35,409,465.6929752,1264.62518,1486.58679,2969.850098
40500011702,2017,Cover Crop,18,18,563.7,563.7,1144.379036,1364.163916,2729.256711
40500011707,2017,Cover Crop,16,16,506.4,506.4,894.7569941,964.8234021,1936.688122
40500011602,2017,Cover Crop,14,16,303.3,308,736.630409,876.7758459,1752.691551
40500012101,2017,Cover Crop,1,1,34,34,42.08085606,55.25857512,110.4261552
40500012103,2017,Cover Crop,2,2,176,176,199.188914,233.7735942,470.0725729
40500011202,2017,Cover Crop,2,3,119.4,174.8,324.7110911,403.9841756,808.3273855
40500011507,2017,Cover Crop,28,36,1378.3,1456.5,3187.832178,3897.633098,7790.720431
40500011704,2017,Cover Crop,19,19,236.9,236.9,360.6182411,398.8990934,801.0972047
40500011305,2017,Forage and Biomass Planting,1,1,22,22,33.61656487,40.03455429,80.53963549
40500012202,2017,N/a,0,0,0,0,0,0,0
40500011801,2017,Cover Crop,13,13,617.3,617.3,803.3150117,939.7626127,1887.268353
40500011803,2017,Cover Crop,20,29,655,751.9,1682.91088,2045.921797,4090.115006
40500012209,2017,N/a,0,0,0,0,0,0,0
40500012201,2017,N/a,0,0,0,0,0,0,0
40500012004,2017,N/a,0,0,0,0,0,0,0
40500012207,2017,Conservation Cover,1,1,0.8,0.8,8,8,15
40500012206,2017,Cover Crop,6,6,186.9,186.9,990.0379336,857.7350608,1713.584524
40500012205,2017,Cover Crop,13,19,280.1258264,286.5008264,875.0137446,851.1481331,1699.367279
40500012002,2017,Cover Crop,4,4,66.3,66.3,89.06175509,101.9200918,204.7712904
40500012001,2017,Cover Crop,1,1,59,59,70.19733254,81.58004908,164.0069369
40500012003,2017,N/a,0,0,0,0,0,0,0
40500011303,2017,N/a,0,0,0,0,0,0,0
40500011304,2017,N/a,0,0,0,0,0,0,0
40500012601,2017,N/a,0,0,0,0,0,0,0
40500010801,2017,Cover Crop,4,6,179.4,179.5358127,667.7809793,716.4154598,1433.642595
40500010701,2017,Cover Crop,1,1,63.2,63.2,242.3868858,263.3578211,526.6273243
40500011107,2018,Cover Crop,1,3,46.2,46.21446281,62.49352748,70.59507145,150.8313858
40500010805,2018,Cover Crop,28,31,608.6,612.6,595.0601274,716.4343917,1441.409803
40500010807,2018,Cover Crop,3,3,123.1,123.1,115.9240546,141.0100543,283.7609681
40500010806,2018,Cover Crop,17,19,1540.4,1546.4,1342.044418,1659.2724,3340.197447
40500011205,2018,N/a,0,1,0,2,2.136866665,2.120905952,4.249072547
40500011105,2018,Cover Crop,3,5,14.5,23.2,22.30684803,469.1291872,2174.444375
40500011106,2018,Cover Crop,27,27,1647,1647,1489.630118,1825.984339,3675.120449
40500011102,2018,Cover Crop,8,12,296.6,301.1936639,390.757621,2032.972997,9364.106442
40500010804,2018,N/a,0,1,0,0.045913682,23,19,39
40500011506,2018,Cover Crop,66,97,1947.574793,2106.467929,5430.679146,6407.854003,12793.78214
40500011004,2018,Forage and Biomass Planting,1,1,4.2,4.2,8.153440786,11.0445361,22.06764017
40500011505,2018,Cover Crop,19,41,306.2964187,436.7445822,1119.382017,1339.010162,2670.639709
40500011708,2018,Cover Crop,19,19,783,783,1092.096265,1229.638339,2470.44201
40500011501,2018,Cover Crop,9,15,339.3,350.427135,651.2565478,785.3307452,1571.531416
40500011007,2018,Cover Crop,2,3,48.1,51.9,226.7142735,241.4770927,482.9052782
40500011101,2018,Cover Crop,18,23,559.7,569.4131313,626.7865263,743.945916,1492.177625
40500011603,2018,Cover Crop,9,25,74.7,189.3708907,551.8650144,653.6495358,1305.677647
40500011904,2018,Cover Crop,10,17,89.1355831,120.2355831,154.4490294,170.644465,342.7027602
40500011203,2018,Cover Crop,15,19,882,973.5,1082.904287,1310.43957,2633.508074
40500011903,2018,Heavy Use Area Protection,4,7,23.81248852,51.67268136,324.337163,298.443377,597.7721083
40500011201,2018,Cover Crop,6,6,245.5,245.5,240.2908617,291.3802896,586.324397
40500012104,2018,Cover Crop,1,1,19.5,19.5,110.9245669,94.79043663,189.3166347
40500011604,2018,Conservation Cover,11,32,76.80192837,142.2853306,372.5284004,440.4150797,876.4965659
40500011601,2018,Tree/Shrub Establishment,19,30,193.2,230.9,658.1503986,761.2492599,1520.98053
40500011701,2018,Cover Crop,23,29,450.9,453.4,1254.991268,1486.562881,2972.663663
40500011901,2018,Cover Crop,13,21,452.6,509.8139578,751.9983567,844.2669031,1696.116057
40500011705,2018,Cover Crop,6,8,116,123,178.6390758,201.5585423,404.9648623
40500011703,2018,Cover Crop,64,65,892.1,900.1,1278.593868,1433.601071,2879.911174
40500012203,2018,N/a,0,2,0,3.428604224,54.4,46.6,93.2
40500012102,2018,N/a,0,0,0,0,0,0,0
40500011204,2018,Cover Crop,9,9,369.3,369.3,371.5052599,445.8507787,896.9497813
40500011802,2018,Cover Crop,10,13,238.9,241.8,565.6017594,680.1562184,1359.629154
40500011805,2018,Cover Crop,20,22,1311.4,1319.7,1592.773925,1842.038577,3702.875118
40500011804,2018,Cover Crop,45,47,2065.6,2070.2,3240.690628,3795.799472,7615.694562
40500012208,2018,N/a,0,0,0,0,0,0,0
40500011003,2018,Cover Crop,10,13,233.9,274.596281,971.8919026,1059.297849,2118.160214
40500011002,2018,Cover Crop,1,4,30.5,39.0521809,175.6868769,188.3465296,386.6447509
40500011006,2018,N/a,0,1,0,26,126.5003545,141.2810585,282.4800655
40500010802,2018,Conservation Cover,4,4,128.5,128.5,507.9882868,559.0976444,1117.948568
40500010803,2018,Conservation Cover,3,4,2.4,2.410789715,83.86038874,74.31529491,148.6308706
40500011001,2018,N/a,0,3,0,17.2,51.25932782,48.79292611,97.61610419
40500011403,2018,N/a,0,0,0,0,0,0,0
40500011009,2018,Cover Crop,14,22,443.3,564.3231405,1516.431465,4238.362123,2674.834033
40500011010,2018,Cover Crop,4,4,56.5,56.5,65.64937604,78.34466621,157.6006757
40500011104,2018,Cover Crop,9,14,255.7,264.5492287,336.8271569,2903.372872,17250.3809
40500011103,2018,Cover Crop,20,20,662.4,662.4,646.0837568,780.0966036,1569.579452
40500011709,2018,"Residue and Tillage Management, No-Till",22,42,513.7068871,606.5840909,1440.711289,1518.299377,3045.218952
40500011902,2018,Cover Crop,15,15,619.7,619.7,723.547618,842.8652249,1694.58234
40500011008,2018,Cover Crop,28,35,752.4,753.0111915,913.0708551,1104.220338,2212.772026
40500011005,2018,Cover Crop,4,7,83.6,102.8135905,771.8020622,791.5109911,1582.986229
40500011605,2018,Cover Crop,25,62,389.2,617.4,2211.428779,2570.633571,5130.977305
40500011706,2018,Cover Crop,5,5,209.9,209.9,258.2555303,298.1051841,599.2186281
40500011503,2018,Cover Crop,20,21,447.7,447.7309917,538.2190147,624.8422754,1256.225936
40500011502,2018,Cover Crop,7,11,383.7,443.8,563.503527,690.2727606,1385.226556
40500012204,2018,Cover Crop,1,7,22.2,35.68601928,132.038494,126.2911966,252.3725517
40500011504,2018,Cover Crop,12,24,196.2,252.8929752,760.7272887,884.1436439,1765.568982
40500011702,2018,Cover Crop,6,6,166.2,166.2,391.8183929,469.2150627,937.9536741
40500011707,2018,Cover Crop,10,13,240.7737833,267.6737833,393.643506,436.1318165,875.9483514
40500011602,2018,Conservation Cover,7,9,169.8707989,170.9707989,387.3040082,470.1217626,939.7116087
40500012101,2018,"Residue and Tillage Management, No-Till",6,6,145.75,145.75,1171.841217,942.8290981,1880.491422
40500012103,2018,N/a,0,0,0,0,0,0,0
40500011202,2018,Cover Crop,2,3,95,150.4,299.2476002,372.2189746,744.5340801
40500011507,2018,Cover Crop,9,16,264.3,352.5,845.4198424,1030.866515,2060.538389
40500011704,2018,Cover Crop,34,34,417,417,630.5459032,698.3330477,1402.478908
40500011305,2018,Heavy Use Area Protection,5,6,14.3204775,36.3204775,57.56299544,65.2577272,131.1540001
40500012202,2018,N/a,0,0,0,0,0,0,0
40500011801,2018,Cover Crop,2,2,81.3,81.3,101.3302327,116.6906477,234.546812
40500011803,2018,Cover Crop,27,29,627.1,633.1,1422.84013,1710.791864,3420.379155
40500012209,2018,N/a,0,0,0,0,0,0,0
40500012201,2018,N/a,0,0,0,0,0,0,0
40500012004,2018,N/a,0,0,0,0,0,0,0
40500012207,2018,Urban: Rain Garden,2,3,0.020293848,0.820293848,8.14,8,15
40500012206,2018,Cover Crop,7,7,186.9068871,186.9068871,230.9811436,303.2461568,605.9926361
40500012205,2018,Cover Crop,16,25,292.4906795,306.891506,1280.033875,1156.470299,2307.045105
40500012002,2018,Cover Crop,2,3,150,151,171.4921947,201.9031296,405.9550751
40500012001,2018,N/a,0,0,0,0,0,0,0
40500012003,2018,N/a,0,0,0,0,0,0,0
40500011303,2018,N/a,0,0,0,0,0,0,0
40500011304,2018,N/a,0,0,0,0,0,0,0
40500012601,2018,N/a,0,0,0,0,0,0,0
40500010801,2018,Conservation Cover,2,6,6.05,24.98581267,92.0449131,83.7690492,168.6111255
40500010701,2018,N/a,0,0,0,0,0,0,0
40500011107,2019,Cover Crop,2,4,94.1,94.11446281,93.81914093,111.1252138,234.2289609
40500010805,2019,Cover Crop,11,18,338.9030992,351.2030992,332.4192315,399.8204584,807.6989893
40500010807,2019,N/a,0,0,0,0,0,0,0
40500010806,2019,Cover Crop,24,26,1666.3,1672.3,1490.300641,1832.045113,3685.218701
40500011205,2019,N/a,0,1,0,2,2.136866665,2.120905952,4.249072547
40500011105,2019,Cover Crop,2,4,85.6,94.3,88.01914093,549.1252138,2335.228961
40500011106,2019,Cover Crop,17,17,852.1,852.1,793,966,1946
40500011102,2019,Cover Crop,11,16,367,376.6936639,474.052402,2133.202091,9563.408746
40500010804,2019,Cover Crop,7,8,128.2,128.2459137,453,480,965
40500011506,2019,Cover Crop,21,60,706.6,887.7679293,2698.280571,3098.007797,6177.461882
40500011004,2019,Cover Crop,14,15,156.0384298,160.2384298,659.1534408,703.0445361,1406.06764
40500011505,2019,Cover Crop,20,46,210.3,347.9445822,955.8306199,1128.493022,2253.477635
40500011708,2019,"Residue and Tillage Management, No Till",5,5,158.5,158.5,337,355,712
40500011501,2019,Cover Crop,15,17,206.2,212.4,340.8478713,405.99418,816.9834309
40500011007,2019,Cover Crop,8,9,253.44,257.24,569.5126029,634.025447,1270.04478
40500011101,2019,Cover Crop,17,23,496,511.5131313,586.3403798,688.4503696,1383.32936
40500011603,2019,Cover Crop,12,29,168.2778926,285.8487833,783.0988527,933.5838362,1867.736456
40500011904,2019,Conservation Cover,2,12,2.4,31.7355831,33.27888226,33.05724271,66.22104209
40500011203,2019,Cover Crop,7,11,514.9,606.4,672.2854727,827.6404256,1664.427038
40500011903,2019,N/a,0,6,0,28.07268136,292.8507562,262.6657071,525.8799718
40500011201,2019,N/a,0,1,0,12,15.64175191,19.21899911,38.68969801
40500012104,2019,Cover Crop,1,1,19.5,19.5,111,95,189
40500011604,2019,Cover Crop,37,53,403.7,477.1019284,1171.630612,1392.968329,2791.840642
40500011601,2019,Cover Crop,8,30,191.6,278.2,772.6482419,899.722896,1797.364884
40500011701,2019,Cover Crop,31,44,754.4235537,845.5235537,2231.226395,2631.299403,5268.179787
40500011901,2019,Cover Crop,7,14,174.3,220.4139578,310.9032034,354.6198989,712.1946483
40500011705,2019,Forage and Biomass Planting,2,6,7,21,45.08568134,50.50003023,100.2970966
40500011703,2019,Fence,2,2,1.022497704,1.022497704,1,1,2
40500012203,2019,N/a,0,2,0,3.428604224,54.4,46.6,93.2
40500012102,2019,N/a,0,0,0,0,0,0,0
40500011204,2019,Cover Crop,6,6,108.6,108.6,113,134,271
40500011802,2019,Cover Crop,12,16,145.3,150.5,282.3921255,333.5722719,666.1445206
40500011805,2019,Cover Crop,12,14,395.5068871,403.8068871,617.0223078,678.1192215,1359.273038
40500011804,2019,Cover Crop,46,48,2025.7,2030.3,3227,3815,7653
40500012208,2019,N/a,0,0,0,0,0,0,0
40500011003,2019,Cover Crop,15,18,280.0711203,280.9674013,1039.951196,1129.659304,2259.318891
40500011002,2019,Cover Crop,17,20,554.4032231,562.955404,2342.558881,2529.649575,5067.279257
40500011006,2019,Cover Crop,12,13,166.7,192.7,769.5003545,833.2810585,1661.480066
40500010802,2019,N/a,0,3,0,28.5,145.8439689,161.074503,322.0677197
40500010803,2019,N/a,0,4,0,2.410789715,83.86038874,74.31529491,148.6308706
40500011001,2019,Cover Crop,32,35,1258.01,1275.21,4932.259328,5331.792926,10663.6161
40500011403,2019,N/a,0,0,0,0,0,0,0
40500011009,2019,Cover Crop,69,71,1442.2,1442.423141,1893,4748.3,3698.6
40500011010,2019,Cover Crop,62,63,357.1,372.6,448.5678017,530.1945498,1058.712506
40500011104,2019,Cover Crop,12,17,264.9,273.7492287,351.2191409,2920.025214,17282.02896
40500011103,2019,Cover Crop,27,27,814.6,814.6,802,966,1941
40500011709,2019,"Residue and Tillage Management, No Till",16,42,493.9,587.2840909,1366.887506,1445.466394,2895.37452
40500011902,2019,Cover Crop,16,18,389.8,390,485.4859716,557.7743718,1121.530087
40500011008,2019,Cover Crop,16,25,473.1,473.9111915,1185.008391,1340.439672,2685.768344
40500011005,2019,Cover Crop,15,18,291.91,311.1235905,1318.23531,1381.139089,2761.305803
40500011605,2019,Cover Crop,38,79,591.7,842,2735.884924,3192.227075,6372.356629
40500011706,2019,Cover Crop,5,5,173.2,173.2,218,250,504
40500011503,2019,"Residue and Tillage Management, No Till",13,14,280,280.0309917,434.9,484.6,974.3
40500011502,2019,Cover Crop,3,7,79.7,139.8,353.0161549,431.5558147,863.8288124
40500012204,2019,Conservation Cover,14,20,91,104.4860193,660.0584282,567.6399473,1132.129247
40500011504,2019,Upland Wildlife Habitat Management,25,36,256.7,310.2929752,901.1165798,1054.134694,2100.053386
40500011702,2019,Cover Crop,33,33,1073.4,1073.4,2289,2708,5419
40500011707,2019,Cover Crop,12,18,330.3864784,360.4602617,522.5747228,582.803614,1173.106576
40500011602,2019,Cover Crop,28,35,398.4,417.4707989,1030.730337,1236.516198,2474.962219
40500012101,2019,Cover Crop,17,17,408.5,408.5,2604,2177,4350
40500012103,2019,N/a,0,0,0,0,0,0,0
40500011202,2019,Cover Crop,3,4,132.6,188,294.18014,358.4037297,719.5398151
40500011507,2019,Cover Crop,12,21,382,471.1,1158.649689,1420.08352,2837.751605
40500011704,2019,N/a,0,0,0,0,0,0,0
40500011305,2019,Cover Crop,14,19,171.6951332,194.0156107,258.6247412,293.8908321,591.2219768
40500012202,2019,Cover Crop,2,2,26.9,26.9,39,44,86
40500011801,2019,Cover Crop,9,9,244.4,244.4,307,353,707
40500011803,2019,Cover Crop,18,20,569.2,570.4,1255.199047,1510.9422,3025.879988
40500012209,2019,N/a,0,0,0,0,0,0,0
40500012201,2019,Cover Crop,8,8,55.2,55.2,86,93,189
40500012004,2019,N/a,0,0,0,0,0,0,0
40500012207,2019,Upland Wildlife Habitat Management,1,4,0.8,1.620293848,14.14,13,25
40500012206,2019,Cover Crop,6,7,186.9,186.9068871,990.07,858,1713
40500012205,2019,Cover Crop,8,20,170.6,185.091506,991.3603968,865.7721725,1728.362892
40500012002,2019,Cover Crop,4,5,33.2,34.2,53,61,124
40500012001,2019,N/a,0,0,0,0,0,0,0
40500012003,2019,N/a,0,0,0,0,0,0,0
40500011303,2019,N/a,0,0,0,0,0,0,0
40500011304,2019,N/a,0,0,0,0,0,0,0
40500012601,2019,N/a,0,0,0,0,0,0,0
40500010801,2019,Conservation Cover,30,36,389.34,414.3258127,1801.044913,1899.769049,3795.611126
40500010701,2019,Urban: Vegetated Swales (ft),1,1,0,0,0,0,0
40500011107,2020,Cover Crop,1,3,88.7,88.71446281,85.12889126,102.6171808,215.4602079
40500010805,2020,Cover Crop,4,14,149.5,172.3030992,174.4897846,205.2624486,414.6881821
40500010807,2020,Cover Crop,2,2,121.6,121.6,113.6906198,138.5263786,278.7725367
40500010806,2020,Cover Crop,11,12,692.4,695.4,626.4530537,768.6784361,1547.13939
40500011205,2020,N/a,0,1,0,2,2.136866665,2.120905952,4.249072547
40500011105,2020,Cover Crop,1,3,53,61.7,54.55909016,509.470854,2255.67172
40500011106,2020,Cover Crop,24,24,1321.3,1321.3,1192.176397,1462.249311,2943.078673
40500011102,2020,Cover Crop,14,19,614.7,624.3936639,646.2266506,2357.405391,10017.44436
40500010804,2020,Cover Crop,8,9,130.5,130.5459137,543.1907172,577.9774134,1157.085022
40500011506,2020,Cover Crop,36,72,742.3,902.2679293,2099.068406,2524.553744,5030.447423
40500011004,2020,Cover Crop,9,13,59.22,64.45842975,210.7469552,234.2474007,468.368309
40500011505,2020,Early Successional Habitat Development-Mgt,11,34,44.5,168.9496786,507.0774622,601.3652641,1197.124482
40500011708,2020,N/a,0,0,0,0,0,0,0
40500011501,2020,Cover Crop,10,16,74.3,120.9,329.2008291,392.3528615,785.4677766
40500011007,2020,Early Successional Habitat Development-Mgt,14,18,427.37,464.62,1083.04161,1210.485903,2425.806768
40500011101,2020,Cover Crop,34,40,1138,1153.513131,1185.830074,1421.482416,2855.512014
40500011603,2020,Cover Crop,6,25,172.4,273.2487833,718.5658988,857.1032171,1712.455184
40500011904,2020,Conservation Cover,4,16,4.8,36.5355831,40.34123253,40.39886366,80.94586078
40500011203,2020,"Residue and Tillage Management, No Till",7,10,561.4,586.6,880.5938084,991.7808413,1992.622934
40500011903,2020,Conservation Cover,6,12,7.27,35.34268136,308.7661912,279.8085677,560.3007
40500011201,2020,Cover Crop,2,3,153.8,165.8,209.1626627,242.7755505,488.0829502
40500012104,2020,Cover Crop,4,4,69,69,322.8762236,285.7079982,571.183739
40500011604,2020,Cover Crop,24,56,211.1,396.8019284,1002.970412,1186.964039,2372.239906
40500011601,2020,Cover Crop,5,28,73.4,185.8,568.8323405,652.4695815,1303.665184
40500011701,2020,Cover Crop,17,32,391.7,483.2235537,1388.360689,1622.017306,3244.478239
40500011901,2020,Cover Crop,11,16,302.6,334.1139578,443.9614368,508.0379557,1021.024396
40500011705,2020,Forage and Biomass Planting,2,8,4.9,25.9,53.48322548,59.37528404,118.105596
40500011703,2020,Cover Crop,7,9,223.5,224.5224977,312.6515483,350.8211339,704.7522306
40500012203,2020,N/a,0,2,0,3.428604224,54.4,46.6,93.2
40500012102,2020,N/a,0,0,0,0,0,0,0
40500011204,2020,Cover Crop,3,3,260.7,260.7,270.3359221,322.3714168,648.4504831
40500011802,2020,Cover Crop,6,12,88.7,111.4,189.4222004,222.3418645,443.9430808
40500011805,2020,Cover Crop,13,18,434.4,443.9068871,667.5172016,736.7127428,1478.663061
40500011804,2020,Cover Crop,45,47,1814.7,1819.3,3084.366114,3622.011008,7262.348388
40500012208,2020,N/a,0,0,0,0,0,0,0
40500011003,2020,Conservation Cover,19,25,103.83,104.7974013,496.0062758,525.4407502,1050.74736
40500011002,2020,Fence,1,5,0,20.16540404,212.3,223.3,455.6
40500011006,2020,Tree/Shrub Establishment,10,14,86,88.2,404.9184809,424.9563823,845.8759204
40500010802,2020,N/a,0,3,0,28.5,145.8439689,161.074503,322.0677197
40500010803,2020,Conservation Cover,3,7,0.223826446,2.634616161,189.1603887,75.91529491,151.8308706
40500011001,2020,Early Successional Habitat Development-Mgt,5,8,17.5,34.7,145.6808943,151.9368168,303.8596651
40500011403,2020,N/a,0,0,0,0,0,0,0
40500011009,2020,Cover Crop,53,56,1303.3,1304.523141,2109.523254,4926.08223,4063.443504
40500011010,2020,Cover Crop,33,34,265.9,281.4,381.5631691,435.3084216,874.8170771
40500011104,2020,Cover Crop,7,13,194.1,203.9492287,245.5856311,2801.53237,17045.80487
40500011103,2020,Cover Crop,19,19,458.2,458.2,461.6201772,553.8409054,1114.194457
40500011709,2020,Cover Crop,3,29,184.3,277.6840909,763.2445806,802.709797,1609.493713
40500011902,2020,Cover Crop,23,25,502.2,502.4,618.5478068,713.664122,1434.538997
40500011008,2020,Cover Crop,19,28,569.26,570.0711915,1225.407132,1402.949828,2807.504362
40500011005,2020,N/a,0,5,0,20.31359045,418.2353102,414.1390892,826.3058028
40500011605,2020,Cover Crop,27,66,642.9,892.1,2804.3325,3290.584181,6569.233632
40500011706,2020,Cover Crop,2,2,83.8,83.8,102.3293456,118.2777096,237.7559976
40500011503,2020,Cover Crop,17,18,454.5,454.5309917,533.0907867,621.7507412,1250.138003
40500011502,2020,Cover Crop,10,14,432.3,492.4,676.0934336,827.0057952,1658.538962
40500012204,2020,Early Successional Habitat Development-Mgt,1,10,4.3,23.5,190.6044283,164.6395619,328.0711983
40500011504,2020,Cover Crop,17,25,305.8,341.5,849.722698,1014.479229,2027.940803
40500011702,2020,Cover Crop,28,28,947.8,947.8,1982.386983,2361.880407,4724.170671
40500011707,2020,Cover Crop,7,16,123.16,153.3202617,317.4166807,341.816862,685.7706131
40500011602,2020,Conservation Cover,9,29,117.8,177.9707989,505.1014384,592.807584,1183.252584
40500012101,2020,Cover Crop,6,6,125.8993,125.8993,1090.603895,994.2158023,1989.862933
40500012103,2020,N/a,0,0,0,0,0,0,0
40500011202,2020,"Residue and Tillage Management, No Till",3,3,132.6,132.6,199.1084077,223.385363,448.7667258
40500011507,2020,Cover Crop,2,10,49.3,171.1,462.1358932,575.0813129,1148.83262
40500011704,2020,Early Successional Habitat Development-Mgt,10,10,31.03,31.03,71.25967662,76.38632211,153.1119353
40500011305,2020,N/a,0,12,0,25.51561065,42.62474115,46.89083212,94.22197681
40500012202,2020,N/a,0,0,0,0,0,0,0
40500011801,2020,Cover Crop,2,2,176.4,176.4,275.9046677,305.3876574,613.3293852
40500011803,2020,Cover Crop,11,13,270.4,271.6,583.5502139,699.6377773,1399.154416
40500012209,2020,N/a,0,0,0,0,0,0,0
40500012201,2020,N/a,0,0,0,0,0,0,0
40500012004,2020,N/a,0,0,0,0,0,0,0
40500012207,2020,Conservation Cover,1,4,34,34.82029385,212.9729863,194.2982444,387.6328215
40500012206,2020,N/a,0,1,0,0.006887052,0.07,0,0
40500012205,2020,Cover Crop,11,23,173.5,187.991506,1004.673687,879.1013868,1755.449408
40500012002,2020,N/a,0,3,0,10.5,19,23,47
40500012001,2020,N/a,0,0,0,0,0,0,0
40500012003,2020,N/a,0,0,0,0,0,0,0
40500011303,2020,Conservation Cover,2,2,12.42,12.42,20.63744002,24.09565368,48.4553889
40500011304,2020,N/a,0,0,0,0,0,0,0
40500012601,2020,N/a,0,0,0,0,0,0,0
40500010801,2020,Upland Wildlife Habitat Management,9,26,45.8,89.08581267,427.5423874,429.0198471,857.0266993
40500010701,2020,Conservation Cover,2,3,0.037557392,0.037557392,0.3,0.2,0.6
40500012205,2021,Cover Crop,8,23,261.9,266.7,1444.173701,1269.190999,2536.13792
40500011706,2021,,0,0,0,0,0,0,0
40500011005,2021,Tree/Shrub Establishment,2,7,10.6,10.7,448.5610815,443.2392344,884.5224874
40500011304,2021,,0,0,0,0,0,0,0
40500012209,2021,,0,0,0,0,0,0,0
40500011104,2021,Waste Storage Facility,1,7,35.2,36.2,85.54707538,2609.477548,16659.43531
40500012201,2021,,0,0,0,0,0,0,0
40500011403,2021,,0,0,0,0,0,0,0
40500012202,2021,,0,0,0,0,0,0,0
40500010806,2021,Cover Crop,4,4,133.9,133.9,126.8980961,153.659699,309.187178
40500011103,2021,Cover Crop,6,6,59.7,59.7,68.50095568,79.73133648,160.2949621
40500011705,2021,Forage and Biomass Planting,2,8,4.9,16.8,46.83792895,51.50052275,102.2655472
40500011502,2021,Forage and Biomass Planting,7,13,257.9,263.9,982.2993033,1235.396824,2463.489096
40500011708,2021,,0,0,0,0,0,0,0
40500011605,2021,Forage and Biomass Planting,55,94,630.0934803,743.2934803,3163.741545,3748.012541,7475.365827
40500011205,2021,Tree/Shrub Establishment,0,1,0,0,2.136866665,2.120905952,4.249072547
40500012208,2021,,0,0,0,0,0,0,0
40500011101,2021,Forage and Biomass Planting,8,14,239.8,239.8,324.3687556,386.7450554,773.8683112
40500012203,2021,"Streambank and Shoreline Protection, Windbreak/Shelterbelt Establishment",0,2,0,0,54.4,46.6,93.2
40500011201,2021,"Cover Crop, Forage and Biomass Planting, Residue and Tillage Management, No Till",2,3,153.8,153.8,165.1057745,207.1613585,417.1976647
40500011102,2021,Cover Crop,19,25,599.5,601.2,697.8804716,2432.41027,10169.04842
40500011904,2021,Tree/Shrub Establishment,4,19,19.7,25.8,71.50964164,75.21465847,150.8849714
40500011009,2021,Cover Crop,19,22,723.6,724.6,1070.653683,3816.85864,1837.591578
40500012101,2021,Cover Crop,4,4,32.8,32.8,200.6388429,168.9815718,337.3875927
40500010701,2021,"Conservation Cover, Tree/Shrub Establishment, Urban: Vegetated Swales (ft)",0,3,0,0,0.3,0.2,0.6
40500011803,2021,Cover Crop,20,22,148.4,148.4,823.2609843,894.383622,1786.064477
40500011004,2021,Tree/Shrub Establishment,12,19,80.2,81.10000008,305.1005544,326.6727995,653.2559322
40500011903,2021,Heavy Use Area Protection,3,14,8,13.86657484,318.5989549,290.2055513,581.1586276
40500010805,2021,Tree/Shrub Establishment,1,11,2,10.7,37.10907206,37.57684176,77.22123906
40500011804,2021,Cover Crop,36,38,1121.127548,1121.127548,2336.671522,2831.552299,5667.709567
40500011704,2021,"Grassed Waterway, Lined Waterway or Outlet",4,10,84.6,85.4,161.2982394,180.0846791,361.5709991
40500011901,2021,Cover Crop,9,13,222.3,222.3,334.5009077,381.8650325,767.4075341
40500011902,2021,Cover Crop,15,20,321.8286961,323.0286961,396.2840104,456.9036313,918.4211844
40500011507,2021,Forage and Biomass Planting,7,14,115.2,228.3,748.6331698,915.183059,1828.658057
40500011802,2021,"Filter Strip, Tree/Shrub Establishment",8,14,32.5,50,166.9633294,200.8361666,398.6040259
40500011506,2021,Conservation Cover,23,59,75.5,78,684.6605398,806.5361299,1594.681408
40500012206,2021,"Pollinator Habitat, Urban: Rain Garden",1,2,1.8,1.8,0.07,0,0
40500010803,2021,"Cover Crop, Residue and Tillage Management, No Till",46,53,643.98,643.98,4032.819395,4338.259399,8667.460193
40500011702,2021,Cover Crop,24,24,625.7,625.7,1806.524118,2157.200125,4286.507042
40500011202,2021,"Residue and Tillage Management, No Till",2,2,95,95,104.015163,132.2513504,266.4295489
40500011008,2021,Cover Crop,32,44,865,865.1,1657.814148,1901.648114,3809.384179
40500011003,2021,Conservation Cover,9,31,134.8,176.1206612,864.2364023,928.5034437,1856.750182
40500011204,2021,Wildlife Habitat Planting,1,1,0.6,0.6,0.942859151,1.010382494,2.027677728
40500012601,2021,,0,0,0,0,0,0,0
40500011010,2021,"Residue and Tillage Management, No Till",16,17,261.2,261.2,324.4766324,397.6240006,800.3789242
40500011002,2021,"Fence, Heavy Use Area Protection, Urban: Rain Garden",5,10,0.272341598,0.272341598,247.3,244.3,495.6
40500011604,2021,Conservation Cover,45,87,315.1,440.6,1574.039961,1883.492965,3754.270515
40500011503,2021,"Residue and Tillage Management, No Till",14,15,498.8,498.8,522.5856642,652.1992288,1313.357359
40500011707,2021,Fence,5,18,173.3,176.6241047,416.6343922,457.9234944,919.2697701
40500011007,2021,Forage and Biomass Planting,5,12,38.36,75.46,662.9766903,728.1157351,1455.927843
40500011505,2021,"Conservation Cover, Cover Crop",40,55,527.8,527.8,1575.093926,1899.828882,3788.988362
40500011105,2021,"Heavy Use Area Protection, Waste Storage Facility",0,2,0,0,4.01914093,448.1252138,2132.228961
40500011801,2021,Cover Crop,3,3,215.3,215.3,251.6489805,303.1832271,610.03144
40500011001,2021,Conservation Cover,25,30,70.61,86.71,1619.777974,1833.210922,3657.428773
40500011107,2021,"Trails and Walkways, Urban: Vegetated Swale",0,2,0,0,5.81914093,5.12521379,19.22896091
40500012002,2021,Cover Crop,5,8,54.1,63.6,93.83072747,107.1661483,216.0929146
40500012207,2021,"Conservation Cover, Urban: Rain Garden",0,4,0,34,212.9729863,194.2982444,387.6328215
40500012003,2021,,0,0,0,0,0,0,0
40500011601,2021,Tree/Shrub Establishment,23,45,328.7,354.5,1140.219718,1340.098094,2676.421304
40500012104,2021,Conservation Cover,5,6,12.4,14.6,79.39044915,71.260649,142.4205442
40500011203,2021,"Residue and Tillage Management, No Till",7,10,514.9,514.9,565.9448458,716.1253634,1442.576625
40500012004,2021,,0,0,0,0,0,0,0
40500011006,2021,Tree/Shrub Establishment,7,18,112.1,116.8,657.1103272,722.5524234,1439.784741
40500011603,2021,Forage and Biomass Planting,16,35,147.1,168.4,650.4375974,770.1103692,1539.606434
40500010801,2021,Conservation Cover,4,23,33.5,59.2,409.4367215,419.1198588,836.2070411
40500011709,2021,Water and Sediment Control Basin,2,27,56.4,56.4,546.4844463,559.5869183,1121.059541
40500010802,2021,"Cover Crop, Residue and Tillage Management, No Till",31,34,634.0525849,634.0525849,2886.569878,3181.060505,6360.620651
40500011501,2021,Cover Crop,38,44,754.9,795.3,1907.053864,2310.999489,4614.888949
40500010804,2021,"Conservation Cover, Cover Crop, Forage and Biomass Planting, Residue and Tillage Management, No Till, Windbreak/Shelterbelt Establishment",8,11,158.7,179.2,845.9488284,918.3763153,1838.394032
40500012103,2021,,0,0,0,0,0,0,0
40500011303,2021,Heavy Use Area Protection,4,6,27.22869605,39.64706152,61.50395556,70.75172633,141.9297004
40500011106,2021,"Conservation Cover, Cover Crop",5,8,299.1,301.5,288.0527022,355.0094557,714.628968
40500011701,2021,Grassed Waterway,35,49,211.6,211.6,2338.735561,2513.913948,5023.353006
40500011703,2021,"Cover Crop, Residue and Tillage Management, No Till",14,16,425.5,425.5,630.3585916,725.5770015,1458.517917
40500012001,2021,,0,0,0,0,0,0,0
40500011504,2021,Cover Crop,21,29,389.9,393.7,975.7640042,1170.679229,2339.226761
40500010807,2021,,0,0,0,0,0,0,0
40500011805,2021,Tree/Shrub Establishment,2,7,76.3,77.5,151.7804815,159.2409231,318.6098376
40500012204,2021,"Conservation Cover, Early Successional Habitat Development-Mgt",5,11,7.2,14.3,125.6062519,107.2479617,213.3506068
40500011602,2021,Conservation Cover,33,57,152,199.6,1498.180057,1704.949053,3399.469897
40500012102,2021,,0,0,0,0,0,0,0
40500011305,2021,Cover Crop,8,20,207.7,207.7000045,302.7095464,345.8511274,695.1079866