siteId,date,rain,wetWeatherOrBaseflow,wetWeatherOrBaseflowRecoded,ph,temp,do,bod,bodPercent,chlorides,spc,tds,ecoli,nitrates,phosphorus,turbidity,tss,flow
sjrbc-1,2014-04-23,Y,1,WW,7.6,8.9,9.14,0.7,8.6,16.7,564,288,0,4.8,0.35,3,31,1.755
sjrbc-1,2014-05-29,Y,1,WW,7.3,16.2,7.74,1.5,18.73,14.9,610,311,2400,10.1,0.62,70,99,4.577
sjrbc-1,2014-06-27,Y,1,WW,7.67,18.3,7.48,0,0,17.9,715,365,600,3.2,0.46,51,58,2.565
sjrbc-1,2014-07-29,N,0,BF,8.08,16.9,11.48,6.4,56.1,8.2,692,353,200,1,0.72,73,92,0.406
sjrbc-1,2014-08-27,Y,0,BF,8.02,21.2,4.78,1.4,28.87,19.7,711,363,0,0.8,0.42,68,72,0.117
sjrbc-1,2014-09-25,N,0,BF,8.1,13.3,6.49,0.4,18.03,11.3,745,380,500,2.5,0.59,32,98,0.108
sjrbc-1,2014-10-29,N,0,BF,8.16,10.1,7.8,1.3,16.15,9.2,721,368,100,1.2,0.09,21,45,0.115
sjrbc-1,2014-11-24,Y,1,WW,7.64,9,8.53,5.4,62.95,27.8,477,243,400,9.7,1.65,63,189,12.167
sjrbc-1,2014-12-30,N,0,BF,8.13,1.6,11.33,1.2,10.86,12.5,893,491,100,4.1,0.07,4,13,2.971
sjrbc-1,2015-01-28,N,0,BF,8.01,1.1,11.34,1.3,11.46,14.3,545,300,50,2.1,0.07,2,7,1.954
sjrbc-1,2015-02-27,N,0,BF,7.87,0.8,11.56,0.5,4.33,9.5,542,298,50,1.2,0.07,1,4,1.105
sjrbc-1,2015-03-25,Y,0,BF,7.89,5.5,10.07,0.7,6.95,16.3,562,309,200,2.8,0.24,3,5,2.481
sjrbc-2,2014-04-23,Y,1,WW,7.74,10.6,9.53,2.3,24.13,18.2,592,302,100,5.3,0.29,2,18,18.365
sjrbc-2,2014-05-29,Y,1,WW,7.89,21.2,7.98,3.1,38.85,11,553,282,8100,4.6,0.39,33,43,39.62
sjrbc-2,2014-06-27,Y,1,WW,7.92,22.2,7.31,2,27.91,6.5,538,274,4300,1.9,0.32,36,44,15.017
sjrbc-2,2014-07-29,N,0,BF,8.03,15.3,7.65,1.3,17.39,3.6,763,389,850,0.9,0.59,2,11,0.932
sjrbc-2,2014-08-27,Y,0,BF,7.83,19.4,6.03,0,0,16.5,768,392,0,1.2,0.3,15,12,0.792
sjrbc-2,2014-09-25,N,Road Closed,Road Closed,,,,,,,,,,,,,,
sjrbc-2,2014-10-29,N,0,BF,8.06,9.9,8.08,1.8,22.64,8.3,711,363,200,2.2,0.11,5,4,2.422
sjrbc-2,2014-11-24,Y,1,WW,7.81,8.6,9.41,4.2,44.53,15.2,589,300,250,9.9,0.66,37,59,33.383
sjrbc-2,2014-12-30,N,0,BF,7.83,1.8,11.85,2.5,21.27,5.2,595,327,50,3.5,0.12,2,7,5.302
sjrbc-2,2015-01-28,N,0,BF,7.77,1.3,12.09,0.8,6.62,16.6,583,321,0,1.5,0.09,1,3,3.232
sjrbc-2,2015-02-27,N,0,BF,7.79,0.9,12.21,0.3,2.46,3.2,585,322,50,1.1,0.09,1,2,2.172
sjrbc-2,2015-03-25,Y,0,BF,7.81,6.2,10.29,1.2,11.66,18.7,582,320,350,3.1,0.22,1,2,3.019
sjrbc-3,2014-04-23,Y,1,WW,8.04,10.9,10.19,2.4,24.04,23.8,567,289,0,1.9,0.27,2,10,10.8
sjrbc-3,2014-05-29,Y,1,WW,7.86,18.7,7.66,0.8,10.31,25.9,650,391,100,5.6,0.12,6,12,1.697
sjrbc-3,2014-06-27,Y,1,WW,7.76,23.3,5.78,0.8,13.67,25,630,321,200,0.9,0.27,23,27,0.802
sjrbc-3,2014-07-29,N,0,BF,7.83,16.7,3.94,2.7,69.04,12.5,651,332,400,0.1,0.48,13,15,0.864
sjrbc-3,2014-08-27,Y,No Flow,No Flow,,,,,,,,,,,,,,
sjrbc-3,2014-09-25,N,No Flow,No Flow,,,,,,,,,,,,,,
sjrbc-3,2014-10-29,N,No Flow,No Flow,,,,,,,,,,,,,,
sjrbc-3,2014-11-24,Y,1,WW,7.49,9.8,8.22,7.2,88.08,9,480,245,200,5.8,0.77,23,37,3.078
sjrbc-3,2014-12-30,N,0,BF,7.45,1.1,9.47,1.3,13.72,3.9,473,260,0,1.8,0.17,3,9,1.005
sjrbc-3,2015-01-28,N,0,BF,7.51,1.2,10.52,1,9.51,19.1,579,318,0,1.1,0.11,2,4,0.074
sjrbc-3,2015-02-27,N,0,BF,7.63,1.1,10.78,0.6,5.57,2.7,567,312,0,0.8,0.06,1,2,0.032
sjrbc-3,2015-03-25,Y,0,BF,7.71,6.1,9.58,0.9,9.39,23.2,571,314,100,1.5,0.22,3,4,0.396
sjrbc-4,2014-04-23,Y,1,WW,8.2,10.6,9.4,3.8,40.85,21.3,466,238,100,2.1,0.29,17,28,5.481
sjrbc-4,2014-05-29,Y,1,WW,8.18,18.5,7.18,1.7,24.32,25.5,622,317,0,2.6,0.24,7,14,3.84
sjrbc-4,2014-06-27,Y,1,WW,7.96,22.6,7.34,0,0,17.6,680,340,150,1.1,0.17,5,6,1.62
sjrbc-4,2014-07-29,N,0,BF,7.93,16.1,8.87,1.5,16.8,8.6,855,436,0,0.1,0.21,2,1,0.292
sjrbc-4,2014-08-27,Y,0,BF,7.71,22,7.53,0,0,3.2,723,368,0,1,0.2,3,5,0.011
sjrbc-4,2014-09-25,N,0,BF,7.6,14.8,8.62,0,0,3.2,1074,548,0,0.8,0.11,0,4,0.091
sjrbc-4,2014-10-29,N,0,BF,7.75,9.9,9.12,2.5,27.52,2.4,987,503,150,1.5,0.1,2,3,0.326
sjrbc-4,2014-11-24,Y,1,WW,7.51,9.6,8.28,6.4,77.05,17.8,512,261,100,9.7,0.55,24,40,4.714
sjrbc-4,2014-12-30,N,0,BF,7.37,1.5,10.36,1.3,13.47,7.1,678,373,0,1.4,0.14,1,3,1.023
sjrbc-4,2015-01-28,N,0,BF,7.6,1.3,11.13,0.7,6.29,16.7,425,234,0,1.1,0.09,1,3,0.073
sjrbc-4,2015-02-27,N,0,BF,7.6,1.1,11.37,0.2,1.76,5.3,425,234,0,0.8,0.08,1,2,0.059
sjrbc-4,2015-03-25,Y,0,BF,7.94,5.9,10.13,1.4,13.82,20.4,487,268,100,1.7,0.25,2,4,0.641
sjrbc-5,2014-04-23,Y,1,WW,7.94,11.1,9.81,2.2,22.43,20.7,815,416,0,2,0.33,0,9,2.869
sjrbc-5,2014-05-29,Y,1,WW,7.91,19.7,6.74,2.4,35.31,26.5,831,424,500,6.2,0.26,9,13,4.536
sjrbc-5,2014-06-27,Y,1,WW,6.79,23.2,7.95,1.8,22.39,25,981,500,200,0.2,0.37,11,19,1.607
sjrbc-5,2014-07-29,N,0,BF,7.96,18.1,9.45,7.3,77.46,11.9,1157,590,0,1.1,0.43,6,16,1.559
sjrbc-5,2014-08-27,Y,0,BF,7.73,23.5,6.82,4.2,61.73,23,1356,692,0,2.1,0.34,13,8,0.557
sjrbc-5,2014-09-25,N,0,BF,7.7,16.7,7.68,0,0,11.6,1290,658,50,3.7,0.28,15,16,0.347
sjrbc-5,2014-10-29,N,0,BF,7.6,10.5,7.29,1.1,14.81,8.5,1078,550,100,2.3,0.21,2,2,0.549
sjrbc-5,2014-11-24,Y,1,WW,7.4,8.4,9.12,5.6,61.51,20.6,858,438,100,4.3,0.49,45,61,8.235
sjrbc-5,2014-12-30,N,0,BF,7.87,1.7,10.83,1.1,10.16,9.7,482,265,0,1.1,0.15,1,3,2.719
sjrbc-5,2015-01-28,N,0,BF,7.83,1.1,11.56,1.1,9.52,16.3,715,393,0,0.8,0.08,1,3,1.779
sjrbc-5,2015-02-27,N,0,BF,7.77,1.1,11.82,0.5,4.23,7.1,707,389,0,0.6,0.04,1,2,1.247
sjrbc-5,2015-03-25,Y,0,BF,7.88,5.9,10.05,1.7,16.92,20.1,759,417,100,1.5,0.27,3,5,2.563
sjrbc-6,2014-04-23,Y,1,WW,7.96,9.9,9.78,1,10.22,14.6,570,291,0,2.4,0.26,7,7,1.928
sjrbc-6,2014-05-29,Y,1,WW,8.04,18.6,7.79,0.9,11.81,12.7,583,297,300,5.8,0.29,11,15,1.706
sjrbc-6,2014-06-27,Y,1,WW,7.9,20.4,7.72,0,0,13.9,510,260,450,3.6,0.66,28,28,4.165
sjrbc-6,2014-07-29,N,0,BF,8.16,15.6,8.05,1.2,14.91,6.7,660,337,0,1.3,0.2,5,4,0.395
sjrbc-6,2014-08-27,Y,0,BF,8.13,20.7,6.25,0,0,8.5,658,336,0,0.7,0.51,4,4,0.024
sjrbc-6,2014-09-25,N,0,BF,8.17,13.7,8.91,0,0,4.7,660,337,0,1.5,0.08,2,6,0.037
sjrbc-6,2014-10-29,N,0,BF,8.14,9.5,9.56,1.9,19.87,3.2,645,329,100,1.4,0.08,2,3,0.277
sjrbc-6,2014-11-24,Y,1,WW,7.69,9.8,8.52,4.2,48.94,16.3,340,173,0,1.8,0.91,57,79,25.175
sjrbc-6,2014-12-30,N,0,BF,7.78,1.4,11.34,1.4,12.35,6.4,434,239,0,1.2,0.15,2,5,5.378
sjrbc-6,2015-01-28,N,0,BF,7.92,1.2,11.39,0.5,4.39,11.8,589,324,0,0.8,0.11,1,3,3.348
sjrbc-6,2015-02-27,N,0,BF,7.93,1,11.59,0.1,0.09,4.6,593,326,0,0.5,0.06,1,2,2.458
sjrbc-6,2015-03-25,Y,0,BF,7.97,6.1,10.21,1.4,13.71,14.2,554,304,200,1.8,0.26,1,3,4.254
sjrbc-7,2014-04-23,Y,1,WW,7.56,10.5,9.19,1.02,11.1,13.3,582,297,0,3.2,0.68,0,4,4.095
sjrbc-7,2014-05-29,Y,1,WW,7.56,19,6.2,2.1,33.39,26.3,432,220,8400,5.4,0.86,45,46,32.076
sjrbc-7,2014-06-27,Y,1,WW,8.09,19.5,7.41,0,0,8.8,645,329,350,7.2,0.26,11,15,2.835
sjrbc-7,2014-07-29,N,0,BF,7.78,16.6,12.25,6.3,51.18,5.8,641,326,200,1.2,0.41,2,3,0.068
sjrbc-7,2014-08-27,Y,0,BF,7.95,19.6,6.28,0,0,6.3,635,324,200,2,0.28,11,8,0.216
sjrbc-7,2014-09-25,N,0,BF,8.26,13.8,12.61,0,0,2.8,660,337,50,1.6,0.21,0,8,2.814
sjrbc-7,2014-10-29,N,0,BF,8.02,9.7,7.98,1.6,19.55,2.1,651,332,50,1.4,0.18,1,2,3.683
sjrbc-7,2014-11-24,Y,1,WW,8.14,9.1,7.7,4.1,53.64,8.1,475,242,100,3.9,0.65,22,34,17.242
sjrbc-7,2014-12-30,N,0,BF,8.4,2.2,11.32,1.2,10.69,3.3,716,394,0,3.5,0.08,3,9,1.112
sjrbc-7,2015-01-28,N,0,BF,8.37,1.5,10.87,0.9,8.28,9.2,561,309,0,1.5,0.08,2,5,0.879
sjrbc-7,2015-02-27,N,0,BF,8.13,1.1,10.99,0.5,4.55,2.3,575,316,0,1.1,0.05,1,3,0.559
sjrbc-7,2015-03-25,Y,0,BF,8.49,6.2,9.54,1.1,11.53,12.7,583,321,100,2.2,0.28,3,5,3.888
sjrbc-8,2014-04-23,Y,1,WW,7.97,8.9,7.17,0.9,13.25,12.1,659,336,0,3,0.16,3,6,0.496
sjrbc-8,2014-05-29,Y,1,WW,7.32,17.1,4.94,2.4,49.39,26.5,448,228,3900,5.3,0.83,65,62,5.427
sjrbc-8,2014-06-27,Y,1,WW,7.73,17.9,5.98,0,0,14,731,373,400,0.5,0.25,4,7,0.576
sjrbc-8,2014-07-29,N,0,BF,7.77,14.7,3.74,1.3,35.29,3.1,719,367,0,1.7,0.75,4,5,0.189
sjrbc-8,2014-08-27,Y,0,BF,7.79,15.3,6.03,1.3,35.29,4.5,755,385,0,1.1,0.29,5,5,0.128
sjrbc-8,2014-09-25,N,Dry,Dry,,,,,,,,,,,,,,
sjrbc-8,2014-10-29,N,Dry,Dry,,,,,,,,,,,,,,
sjrbc-8,2014-11-24,Y,1,WW,8,9.7,7.94,4.2,53.15,13.3,620,316,100,16.6,0.67,22,32,5.653
sjrbc-8,2014-12-30,N,0,BF,8.1,1.4,10.51,0.5,5.14,5.8,869,478,0,4.3,0.06,2,4,3.182
sjrbc-8,2015-01-28,N,0,BF,7.94,0.9,10.76,0.3,2.79,9.5,637,350,0,2.3,0.05,1,3,1.837
sjrbc-8,2015-02-27,N,0,BF,7.87,0.8,11.17,0.9,8.06,3.9,645,355,0,1.7,0.05,1,3,1.131
sjrbc-8,2015-03-25,Y,0,BF,8.11,5.7,9.41,0.9,9.56,12.3,672,370,250,2.5,0.11,2,3,2.673
sjrbc-9,2014-04-23,Y,1,WW,7.95,10.1,8.91,1.2,13.13,12.2,677,345,0,4.1,0.14,0,8,6.851
sjrbc-9,2014-05-29,Y,1,WW,7.83,19.5,6.2,2.8,45.16,10,648,330,200,4.9,0.31,10,17,4.455
sjrbc-9,2014-06-27,Y,1,WW,7.71,21.1,5.89,0,0,5.9,664,339,100,0.1,0.24,9,11,5.054
sjrbc-9,2014-07-29,N,0,BF,7.77,15.4,9.52,4.1,42.86,6.4,716,365,200,1.5,0.29,6,5,3.402
sjrbc-9,2014-08-27,Y,0,BF,7.71,19.7,6.02,0,0,21.4,755,385,0,2,0.3,16,10,2.426
sjrbc-9,2014-09-25,N,0,BF,7.92,12.6,8.21,0,0,12.2,747,381,0,1.5,0.17,4,10,2.032
sjrbc-9,2014-10-29,N,0,BF,8,9.5,8.47,1,12.28,9.7,762,389,50,2.1,0.14,2,5,2.268
sjrbc-9,2014-11-24,Y,1,WW,7.49,9.5,7.43,6.2,83.45,23.2,525,268,0,13.4,1.13,56,73,80.899
sjrbc-9,2014-12-30,N,0,BF,8.08,2.1,10.97,1.4,12.79,8.7,740,407,0,3.1,0.07,3,7,6.728
sjrbc-9,2015-01-28,N,0,BF,7.99,1.5,11.07,1.1,9.94,8.3,657,361,0,2.1,0.06,1,4,4.921
sjrbc-9,2015-02-27,N,0,BF,7.98,1.1,11.35,0.9,7.93,5.7,623,343,0,1.7,0.06,1,2,3.904
sjrbc-9,2015-03-25,Y,0,BF,7.79,6.1,9.87,0.8,8.11,12.1,675,371,100,3.3,0.11,2,3,4.357
sjrbc-10,2014-04-23,Y,1,WW,7.88,12.2,7.89,2.2,28.26,12.1,554,283,0,1.5,0.32,10,34,70.389
sjrbc-10,2014-05-29,Y,1,WW,7.81,23.4,5.67,2.9,51.5,12.2,544,277,300,2.9,0.19,3,6,29.059
sjrbc-10,2014-06-27,Y,1,WW,7.72,24.2,4.07,2,47.91,17,576,294,100,0.1,0.76,3,4,13.986
sjrbc-10,2014-07-29,N,0,BF,7.74,19,3.72,1.6,42.47,6.4,565,288,50,1.3,0.48,3,2,25.378
sjrbc-10,2014-08-27,Y,0,BF,7.84,22.3,3.29,0.4,12.77,7,587,299,0,1,0.49,1,2,19.391
sjrbc-10,2014-09-25,N,0,BF,8.01,16.4,5.49,0,0,4.6,597,304,0,2.4,0.24,0,3,26.64
sjrbc-10,2014-10-29,N,0,BF,8.07,11.8,7.22,1,13.99,3.3,609,311,0,1.3,0.21,0,1,32.13
sjrbc-10,2014-11-24,Y,1,WW,7.89,7.5,8.26,2.9,35.47,13.6,615,314,100,5.2,0.26,8,18,116.748
sjrbc-10,2014-12-30,N,0,BF,8.25,0.15,11.68,2.3,20.03,3.1,633,348,0,2.3,0.14,2,6,98.5
sjrbc-10,2015-01-28,N,0,BF,8.27,1.1,12.19,1.5,12.31,7.2,521,287,0,1.3,0.09,1,2,81.471
sjrbc-10,2015-02-27,N,0,BF,8.21,1.1,12.44,0.7,5.63,2.8,555,305,50,1.1,0.04,2,3,75.273
sjrbc-10,2015-03-25,Y,0,BF,8.12,6.6,10.46,1.2,11.47,12.5,586,322,100,1.1,0.21,2,3,78.149
sjrbc-11,2015-04-30,N,0,BF,8.33,18.2,6.44,2.5,39.29,7.8,530,292,50,0.5,0.07,3,9,67.392
sjrbc-11,2015-05-29,Y,0,BF,8.27,21.6,4.79,1.5,31.31,7.3,545,300,50,0.5,0.06,2,5,26.481
sjrbc-11,2015-06-28,Y,1,WW,7.82,19.5,4.35,1.1,25.29,9.3,521,287,400,1.1,0.15,2,5,89.505
sjrbc-11,2015-07-30,N,1,WW,7.82,20.2,4.41,1.3,29.48,10.3,566,311,300,1.9,0.18,3,8,98.022
sjrbc-11,2015-08-31,N,1,WW,7.83,20.1,4.54,1.1,24.23,9.1,577,317,200,1.7,0.15,3,5,79.016
sjrbc-11,2015-09-30,Y,0,BF,8.21,16.8,6.06,0.9,14.85,7.8,503,277,150,1.5,0.11,2,4,39.688
sjrbc-11,2015-10-30,Y,0,BF,8.37,11.9,10.94,0.3,2.74,6.4,476,277,150,1.4,0.1,2,5,49.61
sjrbc-11,2015-11-30,Y,0,BF,8.09,7.9,11.32,0.5,4.42,7.3,456,251,150,1.3,0.09,3,9,53.739
sjrbc-11,2015-12-30,Y,1,WW,8.11,7.9,14.46,0.3,2.07,8.8,447,246,200,1.5,0.13,8,21,278.438
sjrbc-11,2016-01-30,Y,1,WW,8.47,7.3,14.83,0.2,1.35,10.3,456,251,100,1.1,0.09,3,6,116.146
sjrbc-11,2016-02-29,N,1,WW,8.29,7.1,12.42,0.3,2.42,13.5,466,256,200,1.1,0.11,5,12,121.703
sjrbc-11,2016-03-29,Y,1,WW,8.11,10.3,11.32,1.2,10.6,8.7,487,268,200,1.2,0.15,7,18,134.093
sjrbc-12,2015-04-30,N,0,BF,8.17,14.5,8.58,1.2,13.75,6.4,766,421,100,3.4,0.04,1,2,2.843
sjrbc-12,2015-05-29,Y,0,BF,8.19,19,5.63,1.3,23.09,6.1,754,415,100,1.4,0.04,1,2,2.469
sjrbc-12,2015-06-28,Y,1,WW,7.86,16.8,6.93,1.2,17.32,7.1,678,373,500,1.8,0.1,10,18,22.378
sjrbc-12,2015-07-30,N,1,WW,7.81,19.2,6.76,1.2,17.75,9.8,690,380,500,2.1,0.13,11,17,25.78
sjrbc-12,2015-08-31,N,1,WW,7.85,19.1,6.57,1.1,16.74,9.4,670,369,200,1.7,0.11,4,10,18.792
sjrbc-12,2015-09-30,Y,0,BF,8.17,13.1,8.41,0.7,8.32,8.1,573,315,200,1.5,0.09,2,7,2.315
sjrbc-12,2015-10-30,Y,0,BF,8.23,9.3,10.51,0.3,2.85,6.9,528,315,150,1.3,0.09,2,6,2.904
sjrbc-12,2015-11-30,Y,0,BF,8.11,6.7,11.07,0.5,4.52,7.5,497,273,200,1.3,0.11,4,13,3.131
sjrbc-12,2015-12-30,Y,1,WW,8.05,6.7,9.08,0.4,4.41,7.9,458,252,200,1.6,0.17,18,25,35.269
sjrbc-12,2016-01-30,Y,1,WW,8.51,5,9.81,0.3,3.06,9.5,458,252,100,1.1,0.11,5,8,4.536
sjrbc-12,2016-02-29,N,1,WW,8.31,4.9,9.56,0.3,3.14,12.7,463,255,150,1.1,0.13,8,15,5.147
sjrbc-12,2016-03-29,Y,1,WW,8.21,8.2,8.79,1.1,12.51,8.3,471,259,200,1.2,0.19,10,24,7.577
sjrbc-13,2015-04-30,N,0,BF,7.94,16.9,6.85,2.2,31.68,6.9,541,298,150,0.7,0.08,2,5,208.328
sjrbc-13,2015-05-29,Y,0,BF,7.91,20.1,5.81,2.2,37.87,6.8,549,302,100,0.6,0.06,2,5,66.096
sjrbc-13,2015-06-28,Y,1,WW,7.44,18.2,5.84,21.8,30.82,7.9,571,314,400,1.4,0.11,8,11,154.302
sjrbc-13,2015-07-30,N,1,WW,7.53,20.4,5.82,1.5,25.77,9.6,573,315,450,1.8,0.13,7,15,167.442
sjrbc-13,2015-08-31,N,1,WW,7.47,20.3,5.76,1.6,27.78,9.1,571,314,200,1.5,0.11,3,9,139.496
sjrbc-13,2015-09-30,Y,0,BF,8.04,13.9,7.73,0.9,11.64,8.3,527,290,200,1.3,0.09,2,5,74.655
sjrbc-13,2015-10-30,Y,0,BF,8.11,9.2,9.84,0.4,4.07,6.5,502,290,150,1.1,0.09,2,5,90.12
sjrbc-13,2015-11-30,Y,0,BF,7.93,7.1,10.73,0.5,4.66,6.9,511,281,100,1.2,0.11,4,12,100.237
sjrbc-13,2015-12-30,Y,1,WW,7.81,7.1,10.28,0.4,3.89,8.1,469,258,200,1.5,0.15,21,31,123.75
sjrbc-13,2016-01-30,Y,1,WW,8.27,5.8,10.78,0.3,2.78,10.6,473,260,150,1.1,0.12,5,9,79.004
sjrbc-13,2016-02-29,N,1,WW,8.07,5.6,9.97,0.3,3.01,14.3,482,265,200,0.9,0.15,9,17,83.589
sjrbc-13,2016-03-29,Y,1,WW,7.89,8.6,8.34,1.2,14.39,9.2,489,269,200,1.4,0.21,13,31,91.892
sjrbc-14,2015-04-30,N,0,BF,7.78,17.9,3.22,1.8,54.48,7.1,624,343,200,0.8,0.06,2,5,221.571
sjrbc-14,2015-05-29,Y,0,BF,7.74,20.3,2.47,0.8,32.38,6.7,621,342,200,0.6,0.06,2,5,132.701
sjrbc-14,2015-06-28,Y,1,WW,7.55,18.5,2.51,0.8,35.54,6.9,598,329,100,0.9,0.06,2,4,203.279
sjrbc-14,2015-07-30,N,1,WW,7.57,20.3,3.23,1,30.96,9.8,606,333,50,0.9,0.06,2,3,229.09
sjrbc-14,2015-08-31,N,1,WW,7.33,20.2,3.21,1.1,34.27,8.9,563,310,50,0.8,0.05,1,2,277.39
sjrbc-14,2015-09-30,Y,0,BF,7.89,14.6,5.61,0.7,12.48,7.4,515,283,50,0.8,0.05,1,2,67.781
sjrbc-14,2015-10-30,Y,0,BF,8.06,10.7,8.99,0.4,4.45,6.1,470,283,50,0.7,0.06,2,3,91.241
sjrbc-14,2015-11-30,Y,0,BF,7.88,6.3,10.36,0.4,3.86,6.2,475,261,50,0.8,0.07,3,6,103.094
sjrbc-14,2015-12-30,Y,1,WW,7.65,6.3,9.85,0.3,3.05,8.3,446,245,50,0.7,0.07,11,24,215.099
sjrbc-14,2016-01-30,Y,1,WW,8.25,3.6,10.31,0.2,1.94,10.1,462,254,50,0.6,0.06,4,7,105.447
sjrbc-14,2016-02-29,N,1,WW,8.01,3.5,9.88,0.2,2.02,13.4,479,263,100,0.7,0.08,6,13,110.381
sjrbc-14,2016-03-29,Y,1,WW,7.82,7.9,8.66,0.8,9.24,9.5,485,267,100,0.6,0.09,5,11,120.106
sjrbc-15,2015-04-30,N,0,BF,7.51,17.9,3.11,1.7,54.66,7.3,614,338,150,0.9,0.04,2,4,109.231
sjrbc-15,2015-05-29,Y,0,BF,7.55,20.8,2.16,1,46.3,7.2,621,342,150,0.7,0.03,2,5,78.283
sjrbc-15,2015-06-28,Y,1,WW,7.45,18.7,2.75,0.9,31.73,7.9,598,329,50,0.9,0.07,2,3,141.329
sjrbc-15,2015-07-30,N,1,WW,7.43,20.3,3.65,1.1,30.14,10,617,339,50,0.9,0.06,2,3,154.104
sjrbc-15,2015-08-31,N,1,WW,7.43,20.2,3.44,1.1,31.98,9.2,623,343,50,0.8,0.05,1,2,121.297
sjrbc-15,2015-09-30,Y,0,BF,7.72,15.4,3.71,0.6,16.17,7.9,561,309,50,0.6,0.05,1,2,22.302
sjrbc-15,2015-10-30,Y,0,BF,8.04,10.7,8.95,0.4,4.47,6.3,513,309,50,0.6,0.04,2,2,82.137
sjrbc-15,2015-11-30,Y,0,BF,7.82,7.7,9.99,0.4,4,6.3,478,263,50,0.8,0.04,2,4,96.001
sjrbc-15,2015-12-30,Y,1,WW,7.66,7.7,8.87,0.4,4.51,7.8,451,248,50,0.7,0.06,8,15,229.5
sjrbc-15,2016-01-30,Y,1,WW,8.15,5.1,10.23,0.2,1.96,9.6,481,265,50,0.7,0.06,2,4,101.782
sjrbc-15,2016-02-29,N,1,WW,7.88,4.9,9.79,0.2,2.04,12.1,490,270,100,0.8,0.07,4,9,111.478
sjrbc-15,2016-03-29,Y,1,WW,7.74,8.2,8.45,0.6,7.1,8.3,503,277,100,0.8,0.09,5,10,123.337
sjrbc-16,2015-04-30,N,0,BF,7.66,16.7,6.37,2.1,32.97,6.6,695,382,100,0.7,0.01,2,5,1.026
sjrbc-16,2015-05-29,Y,0,BF,7.64,18.9,5.91,1.5,25.38,6.2,672,370,100,0.8,0.01,1,3,0.764
sjrbc-16,2015-06-28,Y,1,WW,7.39,18.3,6.09,1.3,21.35,6.3,614,338,100,1.1,0.09,4,7,4.137
sjrbc-16,2015-07-30,N,1,WW,7.46,19.4,6.45,1.3,20.16,9.1,628,345,100,0.9,0.08,3,5,7.492
sjrbc-16,2015-08-31,N,1,WW,7.37,19.2,6.47,1.2,18.55,8.2,599,329,50,0.7,0.07,2,2,5.445
sjrbc-16,2015-09-30,Y,0,BF,7.93,14.6,14.04,1,7.12,6.5,573,315,50,0.6,0.05,1,2,1.989
sjrbc-16,2015-10-30,Y,0,BF,8.07,10.8,14.22,0.5,3.52,6.5,519,315,50,0.5,0.04,1,3,2.459
sjrbc-16,2015-11-30,Y,0,BF,7.85,7.5,14.55,0.5,3.44,6.8,492,271,50,0.6,0.05,2,5,2.992
sjrbc-16,2015-12-30,Y,1,WW,7.86,7.5,13.21,0.4,3.03,8.2,480,264,50,0.8,0.06,4,11,12.192
sjrbc-16,2016-01-30,Y,1,WW,8.34,5.4,13.78,0.2,1.45,10.3,502,276,50,0.6,0.06,2,3,3.795
sjrbc-16,2016-02-29,N,1,WW,8.15,5.2,11.62,0.3,2.58,12.9,511,281,50,0.6,0.06,4,9,4.194
sjrbc-16,2016-03-29,Y,1,WW,8.02,8.4,9.39,0.6,6.39,8.8,522,287,50,0.7,0.07,4,10,7.003
sjrbc-17,2015-04-30,N,0,BF,7.67,16,6.57,1.9,28.92,7.5,737,405,450,1.1,0.12,1,3,20.121
sjrbc-17,2015-05-29,Y,0,BF,7.64,19.1,7.85,1.7,21.66,7.1,725,399,250,1,0.09,1,3,1.98
sjrbc-17,2015-06-28,Y,1,WW,7.88,20.4,7.82,1.4,17.9,7.1,698,384,100,1.3,0.11,14,23,12.623
sjrbc-17,2015-07-30,N,1,WW,7.77,21.3,7.79,1.5,19.26,9.9,698,384,100,1.1,0.09,9,17,15.331
sjrbc-17,2015-08-31,N,1,WW,7.81,21.1,7.79,1.3,16.69,7.3,679,373,50,0.9,0.08,3,8,11.616
sjrbc-17,2015-09-30,Y,0,BF,7.9,14.4,14.97,1,6.68,6.7,619,340,50,0.7,0.06,1,3,3.942
sjrbc-17,2015-10-30,Y,0,BF,8.03,10.3,14.56,0.6,4.12,6.7,534,340,50,0.5,0.06,1,3,5.103
sjrbc-17,2015-11-30,Y,0,BF,7.79,7.6,14.61,0.6,4.11,7.3,531,292,50,0.7,0.07,2,5,5.893
sjrbc-17,2015-12-30,Y,1,WW,7.81,7.6,12.78,0.3,2.35,8.2,545,300,50,0.8,0.07,6,13,23.295
sjrbc-17,2016-01-30,Y,1,WW,8.21,5.4,13.32,0.2,1.5,9.6,566,311,50,0.6,0.05,2,3,14.372
sjrbc-17,2016-02-29,N,1,WW,7.93,5.3,11.77,0.2,1.7,11.4,575,316,50,0.6,0.06,3,8,17.499
sjrbc-17,2016-03-29,Y,1,WW,7.77,8.7,9.27,0.7,7.55,7.9,567,312,50,0.7,0.08,4,9,25.829
sjrbc-18,2015-04-30,N,0,BF,7.78,16.1,6.28,1.6,25.48,7.1,746,410,500,1.1,0.11,1,3,20.439
sjrbc-18,2015-05-29,Y,0,BF,7.81,20.2,6.79,1.2,17.67,6.8,721,397,250,1.2,0.11,1,3,5.16
sjrbc-18,2015-06-28,Y,1,WW,7.91,18.4,7.57,1.3,17.17,7.7,725,399,400,1.4,0.18,12,21,25.231
sjrbc-18,2015-07-30,N,1,WW,7.92,21.5,7.81,1.4,17.93,9.3,713,392,300,1.1,0.11,9,18,29.099
sjrbc-18,2015-08-31,N,1,WW,8.01,21.4,7.79,1.4,17.97,6.5,694,382,150,1.1,0.09,3,11,22.001
sjrbc-18,2015-09-30,Y,0,BF,7.99,14.1,13.32,0.8,6,5.8,622,342,100,0.9,0.06,1,3,2.892
sjrbc-18,2015-10-30,Y,0,BF,8.21,9.9,13.65,0.4,2.93,5.4,537,342,50,0.7,0.06,1,3,4.306
sjrbc-18,2015-11-30,Y,0,BF,7.97,5.9,13.87,0.6,4.33,6.1,524,288,50,0.6,0.05,2,4,4.904
sjrbc-18,2015-12-30,Y,1,WW,7.84,5.9,12.43,0.3,2.41,7.5,553,304,50,0.7,0.06,5,13,22.501
sjrbc-18,2016-01-30,Y,1,WW,8.24,3.2,12.89,0.2,1.55,10.5,590,325,50,0.5,0.05,2,4,13.881
sjrbc-18,2016-02-29,N,1,WW,7.99,3.1,11.35,0.3,2.64,13.8,604,332,50,0.6,0.05,4,10,17.303
sjrbc-18,2016-03-29,Y,1,WW,7.86,7.6,9.45,0.5,5.29,8.9,589,324,50,0.6,0.06,4,11,24.382
sjrbc-19,2015-04-30,N,0,BF,7.82,17.2,7.13,2.1,29.45,6.5,598,329,350,1.3,0.09,3,8,205.335
sjrbc-19,2015-05-29,Y,0,BF,7.85,21.2,6.74,2.1,31.16,6.6,578,318,200,1.1,0.07,1,4,144.495
sjrbc-19,2015-06-28,Y,1,WW,7.81,19.4,6.89,1.9,27.58,6.8,561,309,200,1.3,0.12,5,10,392.4
sjrbc-19,2015-07-30,N,1,WW,7.86,19.8,6.88,1.7,24.71,8.9,601,336,150,1.2,0.08,3,7,434.329
sjrbc-19,2015-08-31,N,1,WW,7.81,19.5,6.93,1.6,23.09,6.9,597,328,100,1.1,0.07,1,3,324.809
sjrbc-19,2015-09-30,Y,0,BF,8.05,14.9,14.26,1.1,7.71,6.1,534,294,50,1,0.07,1,2,101.376
sjrbc-19,2015-10-30,Y,0,BF,8.21,10.1,14.58,0.7,4.8,5.5,490,294,50,0.9,0.06,1,2,127.391
sjrbc-19,2015-11-30,Y,0,BF,7.79,6.1,14.79,0.6,4.06,6.1,455,250,50,1.1,0.08,2,3,145.884
sjrbc-19,2015-12-30,Y,1,WW,7.85,6.1,13.65,0.4,2.93,7.9,477,262,100,1.3,0.11,8,19,499.101
sjrbc-19,2016-01-30,Y,1,WW,8.29,4.7,13.99,0.3,2.14,10.1,523,288,50,0.9,0.07,2,3,341.219
sjrbc-19,2016-02-29,N,1,WW,7.97,4.5,12.03,0.3,2.49,13.5,532,293,50,0.8,0.07,4,9,367.992
sjrbc-19,2016-03-29,Y,1,WW,7.83,8.1,10.72,0.5,4.64,8.9,544,299,50,0.7,0.06,5,10,405.997
sjrbc-20,2015-04-30,N,0,BF,7.86,14.8,7.4,1.1,14.86,6.9,748,411,50,0.9,0.09,2,6,107.801
sjrbc-20,2015-05-29,Y,0,BF,7.85,18.6,7.85,1.3,16.56,6.8,735,404,50,1.1,0.07,1,4,12.92
sjrbc-20,2015-06-28,Y,1,WW,7.91,17.8,7.77,1.3,16.73,7.5,676,372,150,1.4,0.11,5,10,35.937
sjrbc-20,2015-07-30,N,1,WW,7.95,18.2,7.53,1.4,18.59,10.1,688,378,100,1.1,0.09,3,6,42.773
sjrbc-20,2015-08-31,N,1,WW,7.89,17.8,7.49,1.5,20.03,8.2,690,380,50,0.9,0.08,1,3,33.196
sjrbc-20,2015-09-30,Y,0,BF,8.14,14.1,14.24,1.1,7.72,7.4,627,345,50,0.8,0.07,1,2,24.356
sjrbc-20,2015-10-30,Y,0,BF,8.37,10.2,14.42,0.6,4.16,7.1,529,345,50,0.8,0.05,1,3,30.271
sjrbc-20,2015-11-30,Y,0,BF,8.19,7.3,14.81,0.7,4.73,8.4,478,263,50,0.7,0.06,2,4,34.113
sjrbc-20,2015-12-30,Y,1,WW,8.13,7.3,12.34,0.3,2.43,8.5,479,263,50,0.6,0.07,8,18,115.439
sjrbc-20,2016-01-30,Y,1,WW,8.54,5.7,12.74,0.2,1.57,10.9,516,284,50,0.6,0.05,2,4,81.392
sjrbc-20,2016-02-29,N,1,WW,8.33,5.4,11.84,0.2,1.69,14.4,536,295,100,0.8,0.08,5,11,84.661
sjrbc-20,2016-03-29,Y,1,WW,8.26,8.3,9.86,0.8,8.11,9.6,550,303,100,0.9,0.09,6,14,95.302
sjrbc-21,2015-04-30,N,0,BF,7.84,14.8,7.21,2.1,29.13,8.2,666,366,150,1.9,0.04,2,4,1.579
sjrbc-21,2015-05-29,Y,0,BF,7.1,18.1,7.16,1.7,23.74,8.2,651,358,100,1.2,0.05,2,5,1.304
sjrbc-21,2015-06-28,Y,1,WW,7.84,17.3,10.5,1.9,18.1,9.8,634,349,350,1.7,0.09,3,6,4.828
sjrbc-21,2015-07-30,N,1,WW,7.79,18.1,9.8,1.9,19.39,12.5,647,356,150,1.4,0.07,2,5,7.808
sjrbc-21,2015-08-31,N,1,WW,7.74,17.9,8.79,1.5,17.06,9.3,634,349,50,1.2,0.07,1,2,5.773
sjrbc-21,2015-09-30,Y,0,BF,8,13.6,11.86,1,8.43,8.3,599,329,50,0.9,0.07,1,2,2.562
sjrbc-21,2015-10-30,Y,0,BF,8.19,8.9,12.06,0.4,3.32,8.1,547,329,50,0.9,0.05,1,2,3.284
sjrbc-21,2015-11-30,Y,0,BF,7.82,6.7,14.22,0.5,3.52,8.7,522,287,50,0.8,0.07,2,4,3.833
sjrbc-21,2015-12-30,Y,1,WW,7.78,6.7,13.09,0.4,3.06,9.1,547,301,50,0.7,0.07,7,15,14.885
sjrbc-21,2016-01-30,Y,1,WW,8.15,4.2,13.55,0.2,1.48,11.3,587,323,50,0.6,0.05,2,4,4.336
sjrbc-21,2016-02-29,N,1,WW,7.82,4.1,11.79,0.2,1.7,15.7,606,333,50,0.6,0.06,3,8,4.978
sjrbc-21,2016-03-29,Y,1,WW,7.69,7.9,9.45,0.5,5.29,10.7,602,331,50,0.7,0.07,4,11,7.441
sjrbc-22,2015-04-30,N,0,BF,8.02,14.8,8.8,2.3,26.14,8.5,674,371,100,1.8,0.09,2,5,0.486
sjrbc-22,2015-05-29,Y,0,BF,8.07,17.4,7.18,2.1,29.25,8.5,619,340,100,1.4,0.09,1,3,0.361
sjrbc-22,2015-06-28,Y,1,WW,7.88,17.1,11.65,2,17.17,9.4,579,318,200,1.8,0.14,11,17,2.309
sjrbc-22,2015-07-30,N,1,WW,7.93,19,9.47,1.8,19.01,12.7,590,325,100,1.5,0.11,7,13,4.382
sjrbc-22,2015-08-31,N,1,WW,7.97,18.7,8.47,1.6,18.69,9.7,571,314,50,1.2,0.09,2,4,2.995
sjrbc-22,2015-09-30,Y,0,BF,7.89,14.2,9.73,0.7,7.19,8.7,556,306,50,0.9,0.08,1,2,0.783
sjrbc-22,2015-10-30,Y,0,BF,8.01,9.1,9.88,0.3,3.04,8.1,517,306,50,0.7,0.06,1,2,1.478
sjrbc-22,2015-11-30,Y,0,BF,7.77,6.5,12.34,0.6,4.86,8.6,503,277,50,0.8,0.08,2,3,1.721
sjrbc-22,2015-12-30,Y,1,WW,7.88,6.5,11.98,0.4,3.34,9.9,521,286,50,0.9,0.07,8,17,9.327
sjrbc-22,2016-01-30,Y,1,WW,8.14,4.7,12.33,0.2,1.62,11.1,548,301,50,0.7,0.04,2,3,3.014
sjrbc-22,2016-02-29,N,1,WW,7.84,4.6,10.67,0.2,1.87,15.9,557,306,100,0.8,0.04,3,7,4.003
sjrbc-22,2016-03-29,Y,1,WW,7.71,8.4,9.13,0.6,6.57,10.3,578,318,100,1,0.11,4,9,6.995
sjrbc-23,2015-04-30,N,0,BF,8.08,15.4,8.73,2.1,24.05,7.9,683,376,350,3.9,0.09,3,7,0.935
sjrbc-23,2015-05-29,Y,0,BF,8.07,19.1,7.51,1.5,19.97,7.4,685,377,150,2.1,0.05,1,4,0.673
sjrbc-23,2015-06-28,Y,1,WW,7.98,17.7,8.33,1.5,18.01,8.8,621,342,200,2.5,0.07,3,7,3.217
sjrbc-23,2015-07-30,N,1,WW,7.94,18.8,8.45,1.3,15.38,10.2,598,329,100,1.8,0.07,2,5,6.902
sjrbc-23,2015-08-31,N,1,WW,7.99,18.6,7.93,1.1,13.87,7.7,603,332,50,1.4,0.06,1,3,4.66
sjrbc-23,2015-09-30,Y,0,BF,8.14,14.6,10.8,0.9,8.33,7.1,519,281,50,1.1,0.05,1,2,1.031
sjrbc-23,2015-10-30,Y,0,BF,8.35,9.7,10.97,0.3,2.73,6.7,488,281,50,0.9,0.04,1,2,1.689
sjrbc-23,2015-11-30,Y,0,BF,8.21,6.5,12.32,0.3,2.44,7.8,497,273,50,1.1,0.04,2,4,1.907
sjrbc-23,2015-12-30,Y,1,WW,8.12,6.5,12.85,0.4,3.11,8.8,500,275,50,1.1,0.05,9,11,9.334
sjrbc-23,2016-01-30,Y,1,WW,8.37,4.1,13.19,0.2,1.52,10.2,522,287,50,0.8,0.03,2,3,3.423
sjrbc-23,2016-02-29,N,1,WW,8.11,3.9,11.06,0.2,1.81,13.3,535,294,50,0.8,0.04,4,9,4.103
sjrbc-23,2016-03-29,Y,1,WW,7.91,8.5,9.57,0.6,6.27,9.2,549,302,50,0.8,0.07,4,9,7.193
sjrbc-24,2015-04-30,N,0,BF,7.89,16.6,8.26,1.9,23,7.3,798,439,100,1.7,0.09,2,4,4.871
sjrbc-24,2015-05-29,Y,0,BF,7.84,20.4,6.98,1.5,21.49,7.4,789,434,50,1.5,0.06,2,4,3.938
sjrbc-24,2015-06-28,Y,1,WW,7.36,18.9,5.63,1.1,19.54,9.1,732,403,200,1.5,0.09,4,9,31.037
sjrbc-24,2015-07-30,N,1,WW,7.46,20.1,6.22,1.5,24.12,11.4,689,379,100,1.3,0.07,2,3,35.197
sjrbc-24,2015-08-31,N,1,WW,7.37,18.6,6.32,1.1,17.41,8.7,654,360,50,1.1,0.05,1,2,26.441
sjrbc-24,2015-09-30,Y,0,BF,8,15.8,15.15,1.2,7.92,7.3,578,318,50,0.8,0.05,1,1,1.441
sjrbc-24,2015-10-30,Y,0,BF,8.14,10.9,14.89,0.6,4.03,6.9,532,318,50,0.6,0.04,1,2,2.111
sjrbc-24,2015-11-30,Y,0,BF,7.9,7.9,14.65,0.3,2.05,8.1,531,292,50,0.9,0.04,2,4,2.579
sjrbc-24,2015-12-30,Y,1,WW,7.93,7.9,13.24,0.3,2.27,9.7,558,307,100,1.2,0.09,7,12,14.232
sjrbc-24,2016-01-30,Y,1,WW,8.11,5.9,13.62,0.1,0.73,11.6,582,320,50,0.8,0.04,2,3,4.873
sjrbc-24,2016-02-29,N,1,WW,7.72,5.6,12.17,0.2,1.64,14.8,593,326,50,0.8,0.04,4,9,5.936
sjrbc-24,2016-03-29,Y,1,WW,7.62,9.4,10.19,0.7,6.87,9.9,613,337,100,0.9,0.06,4,9,8.479
sjrbc-25,2015-04-30,N,0,BF,7.95,16.1,10.02,1.5,14.97,8.5,782,430,50,0.9,0.05,3,7,2.663
sjrbc-25,2015-05-29,Y,0,BF,7.97,20,9.45,1.3,13.76,8.3,767,422,50,0.9,0.06,2,5,1.332
sjrbc-25,2015-06-28,Y,1,WW,7.54,18.1,6.84,1.2,17.54,8.3,754,415,50,0.9,0.08,2,6,13.892
sjrbc-25,2015-07-30,N,1,WW,7.54,20.2,6.89,1.5,21.77,10.5,722,397,50,1,0.07,2,3,17.307
sjrbc-25,2015-08-31,N,1,WW,7.48,19.9,6.71,1.3,19.37,6.9,733,403,50,0.8,0.05,1,2,13.972
sjrbc-25,2015-09-30,Y,0,BF,8.04,14.4,9.48,1.1,11.6,6.2,642,353,50,0.8,0.04,1,1,1.912
sjrbc-25,2015-10-30,Y,0,BF,8.22,9.5,9.77,0.5,5.12,5.6,579,353,50,0.8,0.04,1,2,2.501
sjrbc-25,2015-11-30,Y,0,BF,7.93,7.8,11.78,0.6,5.09,7.8,536,295,50,0.9,0.03,2,3,2.938
sjrbc-25,2015-12-30,Y,1,WW,7.86,7.8,10.56,0.3,2.84,9.7,560,308,100,1.2,0.09,11,21,13.979
sjrbc-25,2016-01-30,Y,1,WW,8.39,6.1,10.86,0.1,0.92,11.9,591,325,50,0.9,0.07,2,3,4.903
sjrbc-25,2016-02-29,N,1,WW,8.24,5.8,9.54,0.2,2.1,14.6,614,338,100,0.9,0.09,3,8,6.275
sjrbc-25,2016-03-29,Y,1,WW,8.15,9.6,8.77,0.5,5.7,9.9,628,345,100,0.9,0.09,4,9,9.721
sjrbc-26,2015-04-30,N,0,BF,7.91,16.1,8.58,0.9,10.96,8.5,831,457,50,0.8,0.01,2,5,6.244
sjrbc-26,2015-05-29,Y,0,BF,7.93,20.6,7.33,1.1,15.01,8.5,831,457,50,0.7,0.01,2,3,3.704
sjrbc-26,2015-06-28,Y,1,WW,7.57,18.7,7.02,1.1,15.67,8.4,799,439,50,0.7,0.02,2,4,35.971
sjrbc-26,2015-07-30,N,1,WW,7.51,19.9,7.23,1.3,15.67,8.5,769,423,50,0.8,0.03,2,4,41.333
sjrbc-26,2015-08-31,N,1,WW,7.55,19.7,7.34,1.2,16.35,6.8,772,425,50,0.8,0.03,1,2,32.118
sjrbc-26,2015-09-30,Y,0,BF,7.91,14.3,9.57,1.1,11.49,6.3,659,362,50,0.7,0.03,1,1,6.077
sjrbc-26,2015-10-30,Y,0,BF,8.11,9.4,10.05,0.7,6.97,5.8,563,362,50,0.7,0.03,1,2,8.238
sjrbc-26,2015-11-30,Y,0,BF,7.81,7.7,11.19,0.6,5.36,7.3,529,291,50,0.6,0.05,2,3,9.783
sjrbc-26,2015-12-30,Y,1,WW,7.77,7.7,10.01,0.3,3,8.3,535,294,100,1.3,0.09,11,21,37.618
sjrbc-26,2016-01-30,Y,1,WW,8.09,5.8,10.35,0.2,1.93,11.2,574,316,50,0.7,0.06,2,4,15.623
sjrbc-26,2016-02-29,N,1,WW,7.64,5.7,9.29,0.2,2.15,15.1,605,333,100,0.7,0.09,3,9,18.444
sjrbc-26,2016-03-29,Y,1,WW,7.62,9.5,8.63,0.6,6.95,11.4,619,340,100,0.9,0.09,4,9,24.202
sjrbc-27,2015-04-30,N,0,BF,7.82,16.2,8.13,2.6,31.1,7.7,598,329,200,0.3,0.01,4,9,19.335
sjrbc-27,2015-05-29,Y,0,BF,7.81,19.1,6.85,2.1,30.66,7.7,594,327,200,0.4,0.01,3,7,16.641
sjrbc-27,2015-06-28,Y,1,WW,7.78,18.9,10.28,2.2,21.4,8.3,598,329,200,0.7,0.03,4,10,434.853
sjrbc-27,2015-07-30,N,1,WW,7.66,19.6,9.31,1.9,21.4,8.3,569,313,100,0.7,0.03,4,10,167.387
sjrbc-27,2015-08-31,N,1,WW,7.5,19.5,8.72,1.7,19.5,6.5,571,314,50,0.6,0.03,2,4,132.784
sjrbc-27,2015-09-30,Y,0,BF,7.77,14.1,8.51,0.9,10.58,6.1,549,302,50,0.6,0.03,1,2,14.742
sjrbc-27,2015-10-30,Y,0,BF,7.99,8.9,8.81,0.3,3.41,6.1,521,302,50,0.6,0.03,1,2,19.002
sjrbc-27,2015-11-30,Y,0,BF,7.79,6.3,9.58,0.5,5.22,8.3,491,270,50,0.6,0.03,2,3,22.336
sjrbc-27,2015-12-30,Y,1,WW,7.78,6.3,9.22,0.3,3.25,8.9,515,283,100,1.1,0.07,10,19,93.226
sjrbc-27,2016-01-30,Y,1,WW,8.03,4.9,9.88,0.1,1.01,10.4,552,304,50,0.7,0.06,2,4,59.403
sjrbc-27,2016-02-29,N,1,WW,7.62,4.7,8.97,0.2,2.23,14.2,577,317,50,0.7,0.06,3,7,64.089
sjrbc-27,2016-03-29,Y,1,WW,7.61,8.9,8.04,0.6,7.46,10.3,597,328,100,0.8,0.08,4,8,73.738
sjrbc-28,2015-04-30,N,0,BF,7.87,16.1,8.47,2.1,24.79,12.3,672,370,250,2.5,0.11,2,3,2.673
sjrbc-28,2015-05-29,Y,0,BF,7.86,18.8,8.24,1.6,19.42,8.5,589,322,50,0.8,0.01,3,8,5.292
sjrbc-28,2015-06-28,Y,1,WW,7.55,18.3,8.09,1.2,14.83,7.5,591,325,100,1.1,0.03,2,5,28.319
sjrbc-28,2015-07-30,N,1,WW,7.61,19.7,8.1,1.7,14.83,8.3,578,318,100,1.1,0.03,2,5,40.011
sjrbc-28,2015-08-31,N,1,WW,7.46,19.6,8.19,1.8,21.98,6.6,569,313,50,0.8,0.04,1,2,31.979
sjrbc-28,2015-09-30,Y,0,BF,8.24,14.1,9.45,0.8,8.47,5.7,513,282,50,0.6,0.04,1,1,1.904
sjrbc-28,2015-10-30,Y,0,BF,8.46,8.9,9.73,0.4,4.11,5.6,513,282,50,0.6,0.04,1,3,1.783
sjrbc-28,2015-11-30,Y,0,BF,8.28,6.1,11.32,0.5,4.42,7.7,479,263,50,0.6,0.04,2,5,2.013
sjrbc-28,2015-12-30,Y,1,WW,8.22,6.1,11.18,0.4,3.58,8.4,499,274,50,0.6,0.05,5,11,8.771
sjrbc-28,2016-01-30,Y,1,WW,8.55,4.2,11.47,0.2,1.74,10.3,531,292,50,0.5,0.04,2,3,2.194
sjrbc-28,2016-02-29,N,1,WW,8.29,3.9,10.04,0.2,2,13.4,574,316,50,0.6,0.05,3,7,3.202
sjrbc-28,2016-03-29,Y,1,WW,8.19,8.2,8.99,0.8,8.9,9.2,599,329,50,0.7,0.08,4,9,5.302
sjrbc-29,2015-04-30,N,0,BF,8.03,18.2,7.94,1.8,22.67,7.8,530,292,100,1.1,0.02,2,5,0.964
sjrbc-29,2015-05-29,Y,0,BF,8.01,24.3,7.79,1.8,23.11,7.6,545,300,100,1.2,0.04,3,7,0.773
sjrbc-29,2015-06-28,Y,1,WW,7.21,22.9,8.23,1.8,21.87,7.5,565,311,100,1.2,0.05,3,6,12.016
sjrbc-29,2015-07-30,N,1,WW,7.42,23.1,8.27,1.8,21.77,7.5,552,304,100,0.9,0.03,2,5,17.399
sjrbc-29,2015-08-31,N,1,WW,7.51,23.1,8.23,1.4,17.01,6.3,553,304,50,0.7,0.04,2,5,14.329
sjrbc-29,2015-09-30,Y,0,BF,8.32,19.1,8.23,0.7,8.51,5.2,517,284,50,0.6,0.04,1,2,1.529
sjrbc-29,2015-10-30,Y,0,BF,8.42,14.3,8.95,0.3,3.35,5.1,517,284,50,0.6,0.04,1,2,2.579
sjrbc-29,2015-11-30,Y,0,BF,8.29,10.3,9.72,0.5,5.14,7,505,278,50,0.7,0.04,2,3,2.819
sjrbc-29,2015-12-30,Y,1,WW,8.21,10.3,9.98,0.4,4.01,8.1,517,284,50,0.6,0.05,5,10,11.295
sjrbc-29,2016-01-30,Y,1,WW,8.53,8.3,10.38,0.2,1.93,11.1,547,301,50,0.4,0.04,2,3,3.994
sjrbc-29,2016-02-29,N,1,WW,8.26,7.9,9.71,0.2,2.06,13.6,559,307,50,0.6,0.06,3,7,4.993
sjrbc-29,2016-03-29,Y,1,WW,8.22,10.3,8.61,0.9,10.45,13.6,559,307,50,0.7,0.07,4,8,7.142
sjrbc-30,2015-04-30,N,0,BF,7.72,16.2,8.09,1.6,19.78,7.3,578,318,100,0.3,0.01,3,9,18.769
sjrbc-30,2015-05-29,Y,0,BF,7.74,21.5,7.99,1.5,18.77,7.3,555,305,100,0.3,0.01,3,9,13.887
sjrbc-30,2015-06-28,Y,1,WW,7.45,20.7,8.14,1.4,17.2,8.1,523,288,200,0.7,0.07,5,12,45.893
sjrbc-30,2015-07-30,N,1,WW,7.51,21.4,8.03,1.3,16.19,8.5,549,302,100,0.7,0.07,3,9,51.362
sjrbc-30,2015-08-31,N,1,WW,7.39,21.2,7.99,1.2,15.02,6.8,519,285,50,0.6,0.06,1,2,40.231
sjrbc-30,2015-09-30,Y,0,BF,7.97,14.2,13.57,1.1,8.11,6.2,478,263,50,0.6,0.04,1,1,17.344
sjrbc-30,2015-10-30,Y,0,BF,8.12,9,13.42,0.5,3.73,5.9,478,263,50,0.6,0.04,1,2,21.883
sjrbc-30,2015-11-30,Y,0,BF,7.86,6.6,14.03,0.5,3.56,7.1,436,240,50,0.7,0.04,1,2,24.312
sjrbc-30,2015-12-30,Y,1,WW,7.89,6.6,13.27,0.3,2.26,8.6,471,259,50,0.6,0.04,4,8,129.011
sjrbc-30,2016-01-30,Y,1,WW,8.49,3.3,13.71,0.1,0.73,10.9,499,274,50,0.4,0.04,2,3,32.237
sjrbc-30,2016-02-29,N,1,WW,8.26,3.1,11.89,0.2,1.68,13.1,522,287,50,0.6,0.06,3,7,35.776
sjrbc-30,2016-03-29,Y,1,WW,8.16,7.9,9.88,0.5,5.06,13.1,522,287,50,0.6,0.07,4,8,42.344
sjrbc-31,2016-04-30,Y,1,WW,8.11,14.6,8.7,1.3,14.94,8.3,477,262,100,0.9,0.07,3,8,9.068
sjrbc-31,2016-05-31,N,0,BF,8.05,16.5,8.23,1.4,17.01,8.1,468,257,100,0.8,0.07,2,6,8.104
sjrbc-31,2016-06-30,N,0,BF,7.23,17.7,7.56,1.3,17.2,8.1,477,262,100,0.6,0.06,2,4,7.934
sjrbc-31,2016-07-31,N,0,BF,7.7,24.5,7.14,1.4,19.61,7.9,473,260,50,0.4,0.05,1,2,0.027
sjrbc-31,2016-08-31,Y,1,WW,7.29,22.5,5.02,1.3,25.89,7.5,467,257,100,0.5,0.07,2,4,3.89
sjrbc-31,2016-09-30,Y,1,WW,7.21,20.3,6.09,1.1,18.06,7.1,455,250,100,0.4,0.05,1,2,2.992
sjrbc-31,2016-10-31,Y,1,WW,7.53,15.1,6.78,0.7,10.32,6.9,434,239,100,0.4,0.04,1,2,2.103
sjrbc-31,2016-11-30,Y,1,WW,7.45,12.7,7.98,0.6,7.51,6.5,423,233,50,0.4,0.04,1,2,1.892
sjrbc-31,2016-12-29,N,1,WW,7.46,2.4,8.89,0.4,4.5,8.7,434,239,50,0.4,0.03,1,2,1.983
sjrbc-31,2017-01-31,Y,1,WW,7.42,2.3,11.26,0.4,3.55,8.3,427,235,100,0.7,0.07,3,8,3.902
sjrbc-31,2017-02-28,Y,1,WW,7.28,6.1,10.97,0.7,6.38,8.1,425,234,200,0.7,0.07,4,9,6.061
sjrbc-31,2017-03-31,Y,1,WW,8.01,11.4,8.89,0.8,8.99,8.1,435,239,200,0.8,0.07,5,12,9.454
sjrbc-32,2016-04-30,Y,1,WW,7.93,14.8,8.56,1.3,15.19,8.1,481,265,200,1.2,0.11,3,8,4.082
sjrbc-32,2016-05-31,N,0,BF,7.91,16.9,8.27,1.3,15.72,7.8,471,259,150,1.1,0.11,2,7,3.874
sjrbc-32,2016-06-30,N,0,BF,7.09,18.1,7.47,1.3,17.4,7.3,471,259,100,0.8,0.08,2,4,3.475
sjrbc-32,2016-07-31,N,0,BF,7.31,24.5,7.49,1.3,17.36,7.1,470,259,50,0.6,0.06,1,2,0.351
sjrbc-32,2016-08-31,Y,1,WW,7.22,22.5,6.01,1.3,21.63,7.1,470,259,100,0.6,0.06,2,4,4.092
sjrbc-32,2016-09-30,Y,1,WW,7.21,20.2,6.23,1.1,17.66,7.1,467,257,50,0.4,0.05,1,2,3.104
sjrbc-32,2016-10-31,Y,1,WW,7.49,15.2,6.87,0.8,11.64,6.8,463,256,50,0.4,0.04,1,2,2.582
sjrbc-32,2016-11-30,Y,1,WW,7.41,11.9,7.88,0.6,7.61,6.5,445,245,50,0.4,0.04,1,2,2.231
sjrbc-32,2016-12-29,N,1,WW,7.43,2.1,8.73,0.3,3.44,7.9,453,249,50,0.4,0.04,1,2,2.54
sjrbc-32,2017-01-31,Y,1,WW,7.46,2,9.34,0.3,3.21,7.3,448,246,200,1.2,0.09,3,8,4.307
sjrbc-32,2017-02-28,Y,1,WW,7.31,5.8,9.27,0.7,7.55,7.4,443,244,200,1.2,0.09,4,10,4.002
sjrbc-32,2017-03-31,Y,1,WW,7.89,11.5,8.77,0.9,10.26,8.1,452,247,200,1.2,0.11,5,11,4.271
sjrbc-33,2016-04-30,Y,1,WW,7.7,14.9,10.28,1.2,11.67,8.7,479,263,250,1.2,0.11,6,14,13.038
sjrbc-33,2016-05-31,N,0,BF,7.76,17.2,9.45,1.3,13.76,8.4,473,260,200,1.1,0.11,4,11,11.668
sjrbc-33,2016-06-30,N,0,BF,7.01,18.4,7.13,1.2,16.83,7.8,474,261,150,0.9,0.07,2,7,10.989
sjrbc-33,2016-07-31,N,0,BF,7.96,24.5,7.96,1.3,16.33,7.5,471,259,50,0.6,0.06,1,2,1.175
sjrbc-33,2016-08-31,Y,1,WW,7.79,22.5,5.94,1.3,21.89,7.3,471,259,100,0.6,0.07,2,5,2.341
sjrbc-33,2016-09-30,Y,1,WW,7.56,20.4,6.11,1.2,19.64,7.1,466,256,50,0.5,0.05,1,2,2.117
sjrbc-33,2016-10-31,Y,1,WW,7.61,15.2,6.67,0.8,11.99,6.9,459,252,50,0.5,0.05,1,2,1.55
sjrbc-33,2016-11-30,Y,1,WW,7.59,12,7.69,0.6,7.8,6.6,453,249,50,0.4,0.05,1,2,1.179
sjrbc-33,2016-12-29,N,1,WW,7.57,2.1,8.34,0.3,3.6,8.1,459,252,50,0.4,0.03,1,2,1.306
sjrbc-33,2017-01-31,Y,1,WW,7.75,1.8,9.56,0.3,3.12,7.7,453,249,250,1.2,0.08,5,11,3.113
sjrbc-33,2017-02-28,Y,1,WW,7.56,6.5,9.54,0.6,6.29,7.5,451,248,250,1.2,0.09,5,14,11.391
sjrbc-33,2017-03-31,Y,1,WW,7.63,11.4,10.32,0.8,7.75,8.5,467,257,250,1.2,0.11,6,14,13.794
sjrbc-34,2016-04-30,Y,1,WW,7.64,15.6,8.52,1.1,12.91,8.4,489,269,250,1.1,0.15,4,11,5.84
sjrbc-34,2016-05-31,N,0,BF,7.71,17.9,8.34,1.3,15.59,8.1,479,263,200,0.9,0.13,3,9,5.231
sjrbc-34,2016-06-30,N,0,BF,7.11,19.1,7.37,1.3,17.64,7.3,481,265,150,0.6,0.09,2,6,4.785
sjrbc-34,2016-07-31,N,0,BF,7.96,24.5,8.34,1.4,16.79,7.1,484,266,50,0.5,0.06,1,2,0.436
sjrbc-34,2016-08-31,Y,1,WW,7.77,22.4,8.23,1.3,15.8,7.1,484,266,100,0.6,0.07,2,4,4.786
sjrbc-34,2016-09-30,Y,1,WW,7.61,20.2,8.45,1.2,14.2,6.9,463,255,100,0.4,0.06,1,2,4.558
sjrbc-34,2016-10-31,Y,1,WW,7.88,14.9,8.83,0.7,7.92,6.6,461,254,50,0.4,0.05,1,2,3.121
sjrbc-34,2016-11-30,Y,1,WW,7.69,12.6,9.45,0.6,6.35,6.2,457,251,50,0.4,0.05,1,2,2.879
sjrbc-34,2016-12-29,N,1,WW,7.63,2.3,10.34,0.4,3.87,8.4,462,254,50,0.4,0.04,1,2,2.989
sjrbc-34,2017-01-31,Y,1,WW,7.67,2.1,10.89,0.4,3.67,8.1,455,250,250,1.1,0.11,4,9,5.305
sjrbc-34,2017-02-28,Y,1,WW,7.51,6.4,10.63,0.7,6.59,7.9,455,250,250,1.3,0.11,4,10,5.003
sjrbc-34,2017-03-31,Y,1,WW,7.61,12.4,8.62,0.8,9.28,8.3,459,252,250,1.2,0.13,5,13,6.099
sjrbc-35,2016-04-30,Y,1,WW,8.1,14.5,9.83,1.2,12.21,8.8,489,269,50,0.8,0.08,3,9,6.048
sjrbc-35,2016-05-31,N,0,BF,8.14,16.9,8.79,1.2,13.65,8.2,467,257,50,0.8,0.07,2,7,5.787
sjrbc-35,2016-06-30,N,0,BF,7.45,17.9,7.68,1.3,16.93,7.6,455,250,50,0.6,0.07,2,6,5.235
sjrbc-35,2016-07-31,N,0,BF,7.91,22.8,5.54,1.4,25.27,7.4,463,255,50,0.5,0.06,1,2,1.553
sjrbc-35,2016-08-31,Y,1,WW,7.73,20.7,5.34,1.3,24.34,7.2,463,255,50,0.6,0.06,2,5,6.567
sjrbc-35,2016-09-30,Y,1,WW,7.65,19.1,6.03,1.1,18.24,6.9,453,249,50,0.6,0.04,1,3,5.669
sjrbc-35,2016-10-31,Y,1,WW,7.92,14.5,6.54,0.7,10.7,6.6,447,246,50,0.5,0.04,1,2,4.687
sjrbc-35,2016-11-30,Y,1,WW,7.88,11.9,7.73,0.6,7.76,6.1,441,243,50,0.4,0.04,1,2,3.902
sjrbc-35,2016-12-29,N,1,WW,7.79,1.9,8.52,0.4,4.69,8.3,456,251,50,0.4,0.04,1,2,4.003
sjrbc-35,2017-01-31,Y,1,WW,7.79,1.7,9.56,0.4,4.18,7.9,438,241,100,0.8,0.08,3,9,6.478
sjrbc-35,2017-02-28,Y,1,WW,7.63,6.7,9.38,0.8,8.53,7.9,436,240,150,0.8,0.08,3,9,5.477
sjrbc-35,2017-03-31,Y,1,WW,7.88,11.2,9.94,0.9,9.05,8.6,452,247,200,0.8,0.08,4,9,6.321
sjrbc-36,2016-04-30,Y,1,WW,8.08,14.8,8.98,1.1,12.25,8.9,479,263,150,1.3,0.11,3,9,1.944
sjrbc-36,2016-05-31,N,0,BF,8.07,17.1,8.37,1.2,14.34,8.5,473,260,100,1.1,0.11,2,7,1.692
sjrbc-36,2016-06-30,N,0,BF,7.45,18.2,7.01,1.2,17.09,8.1,471,259,100,0.8,0.09,2,5,1.292
sjrbc-36,2016-07-31,N,0,BF,8.11,23.1,8.97,1.5,16.72,7.6,465,256,50,0.6,0.07,1,2,0.025
sjrbc-36,2016-08-31,Y,1,WW,8.08,21.3,8.56,1.3,15.19,7.7,465,256,100,0.7,0.08,2,5,2.442
sjrbc-36,2016-09-30,Y,1,WW,7.77,19.1,8.59,1.1,12.81,7.2,459,252,100,0.6,0.04,1,3,2.231
sjrbc-36,2016-10-31,Y,1,WW,7.97,14.7,9.03,0.6,6.64,6.8,455,250,50,0.5,0.04,1,2,1.634
sjrbc-36,2016-11-30,Y,1,WW,7.92,12.1,9.67,0.6,6.2,6.3,449,247,50,0.4,0.04,1,2,1.244
sjrbc-36,2016-12-29,N,1,WW,7.85,2.2,10.22,0.4,3.91,8.4,452,249,50,0.4,0.03,1,2,1.306
sjrbc-36,2017-01-31,Y,1,WW,7.86,2.1,11.01,0.4,3.63,8.2,446,245,150,1.1,0.11,3,9,3.819
sjrbc-36,2017-02-28,Y,1,WW,7.77,6.3,10.77,0.8,7.43,8.1,444,244,200,1.1,0.11,4,11,1.783
sjrbc-36,2017-03-31,Y,1,WW,7.97,11.4,9.17,0.9,9.81,8.7,461,254,200,1.1,0.11,4,10,2.12
sjrbc-37,2016-04-30,Y,1,WW,8.19,16.2,9.04,1,11.06,8.3,483,266,150,0.8,0.07,3,8,2.948
sjrbc-37,2016-05-31,N,0,BF,8.11,18.4,8.22,1.2,14.6,7.9,469,258,100,0.8,0.07,2,6,2.336
sjrbc-37,2016-06-30,N,0,BF,7.52,19.5,6.95,1.3,18.71,6.9,478,263,100,0.5,0.06,2,5,2.007
sjrbc-37,2016-07-31,N,0,BF,8.01,22.6,8.15,1.5,18.4,6.7,477,262,50,0.5,0.05,1,2,0.034
sjrbc-37,2016-08-31,Y,1,WW,7.95,20.9,9.21,1.5,16.29,6.5,477,262,100,0.7,0.06,2,5,3.241
sjrbc-37,2016-09-30,Y,1,WW,7.87,18.9,9.23,1.3,14.08,6.3,469,258,100,0.6,0.04,1,2,2.782
sjrbc-37,2016-10-31,Y,1,WW,8.05,13.3,9.44,0.5,5.3,6.1,459,252,50,0.5,0.04,1,2,2.205
sjrbc-37,2016-11-30,Y,1,WW,7.97,11.1,9.87,0.4,4.05,5.7,456,251,50,0.4,0.04,1,2,1.783
sjrbc-37,2016-12-29,N,1,WW,7.93,1.8,10.34,0.3,2.9,8.2,461,254,50,0.4,0.03,1,2,1.809
sjrbc-37,2017-01-31,Y,1,WW,7.96,1.7,10.67,0.3,2.81,7.7,457,251,150,0.8,0.08,3,8,3.267
sjrbc-37,2017-02-28,Y,1,WW,7.79,6.2,10.46,0.8,7.65,7.8,455,250,200,0.8,0.08,3,8,2.437
sjrbc-37,2017-03-31,Y,1,WW,7.92,12.8,9.22,0.9,9.76,8.1,473,260,200,0.8,0.07,4,9,3.193
sjrbc-38,2016-04-30,Y,1,WW,8.01,15.1,9.31,1.2,12.89,8.7,497,273,100,0.9,0.09,4,11,17.617
sjrbc-38,2016-05-31,N,0,BF,7.98,17.8,8.18,1.2,14.69,8.3,487,268,100,0.8,0.08,3,9,15.586
sjrbc-38,2016-06-30,N,0,BF,7.24,18.9,6.57,1.3,19.79,6.5,492,271,100,0.6,0.06,2,6,14.704
sjrbc-38,2016-07-31,N,0,BF,7.87,24.8,7.09,1.4,19.75,6.5,489,269,50,0.6,0.04,1,2,0.297
sjrbc-38,2016-08-31,Y,1,WW,7.83,22.5,9.09,1.4,15.4,6.6,489,269,100,0.6,0.06,2,4,1.997
sjrbc-38,2016-09-30,Y,1,WW,7.73,20.1,9.14,1.2,13.13,6.3,473,260,50,0.5,0.05,1,2,1.445
sjrbc-38,2016-10-31,Y,1,WW,7.93,14.8,9.37,0.7,7.47,5.9,463,255,50,0.5,0.05,1,2,1.286
sjrbc-38,2016-11-30,Y,1,WW,7.83,11.8,9.53,0.5,5.25,5.8,461,254,50,0.5,0.05,1,2,0.978
sjrbc-38,2016-12-29,N,1,WW,7.84,1.9,10.18,0.3,2.95,7.3,467,257,50,0.4,0.04,1,2,1.112
sjrbc-38,2017-01-31,Y,1,WW,7.83,1.9,10.41,0.3,2.88,7.1,461,254,100,0.7,0.07,4,11,3.443
sjrbc-38,2017-02-28,Y,1,WW,7.68,5.9,10.22,0.7,6.85,7.2,460,253,150,0.8,0.08,4,11,15.442
sjrbc-38,2017-03-31,Y,1,WW,7.89,12.1,9.39,0.9,9.58,8.4,487,268,200,0.9,0.09,4,15,17.45
sjrbc-39,2016-04-30,Y,1,WW,8.07,14.6,9.76,1.2,12.3,8.9,503,277,100,0.9,0.11,3,8,2.227
sjrbc-39,2016-05-31,N,0,BF,8.02,16.9,8.78,1.4,15.95,8.3,494,272,100,0.8,0.09,2,6,2.003
sjrbc-39,2016-06-30,N,0,BF,7.37,17.6,6.33,1.4,22.12,6.5,494,272,100,0.7,0.07,2,4,1.684
sjrbc-39,2016-07-31,N,0,BF,7.56,24.3,7.65,1.4,18.3,6.5,491,270,50,0.6,0.05,1,2,0.154
sjrbc-39,2016-08-31,Y,1,WW,7.55,22.5,7.68,1.4,18.23,6.4,491,270,100,0.6,0.07,2,4,3.232
sjrbc-39,2016-09-30,Y,1,WW,7.48,20.1,7.79,1.2,15.4,6.1,479,263,100,0.5,0.05,1,2,2.978
sjrbc-39,2016-10-31,Y,1,WW,7.72,14.7,8.13,0.6,7.38,5.7,468,257,100,0.5,0.05,1,2,2.327
sjrbc-39,2016-11-30,Y,1,WW,7.66,12.3,8.89,0.5,5.62,5.7,464,255,50,0.5,0.04,1,2,1.572
sjrbc-39,2016-12-29,N,1,WW,7.61,1.9,9.91,0.3,3.03,7.1,471,259,50,0.4,0.03,1,2,1.706
sjrbc-39,2017-01-31,Y,1,WW,7.63,1.7,10.19,0.3,2.94,6.6,459,252,100,0.7,0.09,3,8,3.99
sjrbc-39,2017-02-28,Y,1,WW,7.61,6.2,10.06,0.7,6.96,6.8,453,249,100,0.8,0.09,3,8,2.016
sjrbc-39,2017-03-31,Y,1,WW,7.91,11.5,9.81,0.8,8.15,8.8,477,262,100,0.9,0.11,4,9,2.457
sjrbc-40,2016-04-30,Y,1,WW,8.03,15.8,9.02,1.3,14.41,9.5,521,287,200,0.7,0.07,3,10,53.946
sjrbc-40,2016-05-31,N,0,BF,8.05,18.2,8.66,1.4,16.67,8.6,516,284,150,0.8,0.06,2,8,47.663
sjrbc-40,2016-06-30,N,0,BF,7.19,19.3,7.24,1.4,19.34,7.4,511,281,100,0.5,0.04,2,5,43.117
sjrbc-40,2016-07-31,N,0,BF,7.88,25.6,8.21,1.4,17.05,7.1,513,282,50,0.5,0.04,1,2,11.987
sjrbc-40,2016-08-31,Y,1,WW,7.79,23.6,8.21,1.3,15.83,6.9,513,282,100,0.7,0.05,2,4,39.344
sjrbc-40,2016-09-30,Y,1,WW,7.71,21.8,8.32,1.1,13.22,6.7,489,269,100,0.5,0.05,1,2,34.327
sjrbc-40,2016-10-31,Y,1,WW,8.01,15.6,8.55,0.7,8.19,6.3,477,262,100,0.5,0.05,1,2,29.899
sjrbc-40,2016-11-30,Y,1,WW,7.86,13.5,10.15,0.5,4.93,6.1,469,258,100,0.5,0.05,1,2,23.573
sjrbc-40,2016-12-29,N,1,WW,7.85,2.3,10.44,0.3,2.87,8.4,474,261,50,0.4,0.04,1,2,25.231
sjrbc-40,2017-01-31,Y,1,WW,7.88,2.2,11.23,0.3,2.67,7.9,462,254,200,0.7,0.07,3,9,34.011
sjrbc-40,2017-02-28,Y,1,WW,7.57,7.8,10.85,0.8,7.37,7.9,457,251,250,0.7,0.07,5,14,49.507
sjrbc-40,2017-03-31,Y,1,WW,7.78,12.2,9.27,0.9,9.71,9.2,486,267,200,0.8,0.07,3,12,55.336
sjrbc-41,2016-04-30,Y,1,WW,7.99,15.8,9.74,1.3,13.35,9.1,518,285,100,1.1,0.14,3,9,4.731
sjrbc-41,2016-05-31,N,0,BF,8.02,18.3,8.97,1.3,14.49,8.7,502,276,100,1.1,0.13,2,8,4.119
sjrbc-41,2016-06-30,N,0,BF,7.31,19.2,7.11,1.4,19.69,7.7,512,282,100,0.9,0.11,2,5,3.803
sjrbc-41,2016-07-31,N,0,BF,7.98,26.4,8.23,1.4,17.01,7.1,509,280,50,0.6,0.08,1,2,0.388
sjrbc-41,2016-08-31,Y,1,WW,7.81,24.1,8.34,1.4,16.79,6.8,509,280,100,0.6,0.08,2,4,4.113
sjrbc-41,2016-09-30,Y,1,WW,7.59,21.9,8.41,1.3,15.46,6.4,492,271,50,0.5,0.06,1,2,3.801
sjrbc-41,2016-10-31,Y,1,WW,7.84,15.5,8.57,0.9,10.5,6.1,481,265,50,0.5,0.05,1,2,3.144
sjrbc-41,2016-11-30,Y,1,WW,7.73,13.1,9.13,0.7,7.67,5.9,476,262,50,0.5,0.04,1,2,2.592
sjrbc-41,2016-12-29,N,1,WW,7.69,2.4,10.16,0.5,4.92,8.2,483,266,50,0.5,0.04,1,2,2.631
sjrbc-41,2017-01-31,Y,1,WW,7.73,2.2,11.11,0.5,4.5,7.9,461,254,100,0.8,0.11,3,9,4.731
sjrbc-41,2017-02-28,Y,1,WW,7.66,7.5,10.74,0.8,7.45,8.1,452,249,100,0.9,0.11,4,11,4.194
sjrbc-41,2017-03-31,Y,1,WW,7.93,12.2,9.86,0.9,9.13,8.9,473,260,100,1.1,0.11,4,9,4.902
sjrbc-42,2016-04-30,Y,1,WW,8.1,15.4,10.15,1.1,18.84,8.9,498,274,500,1.5,0.24,3,9,1.856
sjrbc-42,2016-05-31,N,0,BF,8.09,17.7,9.54,1.3,13.63,8.1,488,268,300,1.4,0.19,2,8,1.545
sjrbc-42,2016-06-30,N,0,BF,7.51,18.9,8.23,1.2,14.58,6.5,482,265,150,1.1,0.14,2,6,1.231
sjrbc-42,2016-07-31,N,0,BF,8.11,24.3,8.23,1.4,17.01,6.4,483,266,50,0.8,0.09,1,2,0.231
sjrbc-42,2016-08-31,Y,1,WW,8.01,22.2,8.33,1.3,15.61,6.3,483,266,100,0.9,0.09,2,5,2.679
sjrbc-42,2016-09-30,Y,1,WW,7.55,19.9,8.45,1.2,14.2,6.1,477,262,50,0.7,0.07,1,5,2.324
sjrbc-42,2016-10-31,Y,1,WW,7.84,14.9,8.79,0.7,7.96,5.9,467,257,50,0.6,0.06,1,3,1.784
sjrbc-42,2016-11-30,Y,1,WW,7.81,13.3,9.84,0.7,7.11,5.6,461,254,50,0.4,0.04,1,2,1.233
sjrbc-42,2016-12-29,N,1,WW,7.77,2.2,10.47,0.5,4.78,7.7,463,255,50,0.4,0.04,1,2,1.307
sjrbc-42,2017-01-31,Y,1,WW,7.76,2.1,11.76,0.5,4.25,7.4,443,244,250,1.1,0.16,3,9,3.004
sjrbc-42,2017-02-28,Y,1,WW,7.43,7.9,11.02,0.9,8.17,7.3,436,240,250,1.3,0.16,3,9,1.671
sjrbc-42,2017-03-31,Y,1,WW,7.86,12.1,10.27,1,9.74,8.6,459,252,200,1.3,0.21,3,9,2.01
sjrbc-43,2016-04-30,Y,1,WW,8.2,15.2,10.15,1.3,12.81,8.7,513,282,150,1.1,0.17,3,9,1.386
sjrbc-43,2016-05-31,N,0,BF,8.17,17.5,9.39,1.3,13.84,8.1,503,277,150,0.9,0.15,2,7,1.197
sjrbc-43,2016-06-30,N,0,BF,7.65,18.7,8.34,1.4,16.79,6.8,497,273,100,0.6,0.11,2,4,0.994
sjrbc-43,2016-07-31,N,0,BF,8.11,25.4,8.56,1.4,16.36,6.4,499,274,50,0.5,0.09,1,2,0.994
sjrbc-43,2016-08-31,Y,1,WW,8.02,23.1,8.31,1.4,16.85,6.2,499,274,100,0.6,0.09,2,5,3.22
sjrbc-43,2016-09-30,Y,1,WW,7.81,20.8,8.56,1.2,14.02,5.9,484,266,50,0.4,0.07,1,5,2.775
sjrbc-43,2016-10-31,Y,1,WW,8.03,14.9,8.83,0.7,7.93,5.8,481,265,50,0.4,0.05,1,3,2.256
sjrbc-43,2016-11-30,Y,1,WW,7.97,13.3,9.96,0.7,7.03,5.5,478,263,50,0.4,0.05,1,2,1.347
sjrbc-43,2016-12-29,N,1,WW,7.81,2.3,10.26,0.4,3.9,7.9,485,267,50,0.4,0.03,1,2,1.511
sjrbc-43,2017-01-31,Y,1,WW,7.82,2.1,11.34,0.4,3.53,7.3,472,260,150,0.9,0.11,3,9,3.276
sjrbc-43,2017-02-28,Y,1,WW,7.6,7.6,10.89,0.9,8.26,7.4,468,257,200,0.9,0.11,3,9,1.304
sjrbc-43,2017-03-31,Y,1,WW,8.11,12.2,10.29,0.9,8.75,8.3,492,271,200,1.1,0.15,4,10,1.593
sjrbc-44,2016-04-30,Y,1,WW,8.16,15.3,9.97,1.2,12.04,9.1,495,272,100,0.9,0.11,2,6,1.879
sjrbc-44,2016-05-31,N,0,BF,8.08,17.9,9.44,1.3,13.77,8.6,489,269,100,0.8,0.11,2,5,1.21
sjrbc-44,2016-06-30,N,0,BF,7.73,19.1,8.51,1.4,16.45,7.2,493,271,50,0.5,0.09,2,4,0.989
sjrbc-44,2016-07-31,N,0,BF,7.87,23.1,8.67,1.4,16.15,6.9,488,268,50,0.4,0.08,1,2,0.022
sjrbc-44,2016-08-31,Y,1,WW,7.86,21.3,8.55,1.3,15.2,6.7,488,268,50,0.6,0.08,2,5,2.998
sjrbc-44,2016-09-30,Y,1,WW,7.72,19.1,8.59,1.1,12.81,6.6,481,265,50,0.4,0.06,1,5,2.499
sjrbc-44,2016-10-31,Y,1,WW,8,14.7,8.92,0.6,6.73,6.4,479,263,50,0.4,0.04,1,4,1.893
sjrbc-44,2016-11-30,Y,1,WW,7.85,13.1,10.04,0.6,5.98,6.1,473,260,50,0.4,0.04,1,2,1.409
sjrbc-44,2016-12-29,N,1,WW,7.85,2.2,10.38,0.4,3.85,8.5,481,265,50,0.4,0.03,1,2,1.577
sjrbc-44,2017-01-31,Y,1,WW,7.86,2.1,11.29,0.4,3.54,8.1,469,258,100,0.7,0.09,2,6,3.33
sjrbc-44,2017-02-28,Y,1,WW,7.82,7.8,10.72,0.8,7.46,8.1,465,256,100,0.8,0.09,38,6,1.726
sjrbc-44,2017-03-31,Y,1,WW,8.02,12.2,10.05,1,9.95,8.7,489,269,100,0.8,0.11,4,7,2.1
sjrbc-45,2016-04-30,Y,1,WW,8.11,15.7,9.07,1.3,14.33,8.9,517,284,200,0.9,0.11,5,13,62.735
sjrbc-45,2016-05-31,N,0,BF,8.05,18.1,8.61,1.4,16.6,8.3,491,270,150,0.9,0.1,4,11,56.729
sjrbc-45,2016-06-30,N,0,BF,6.81,19.2,7.17,1.2,16.74,6.9,495,282,100,0.6,0.07,3,7,52.337
sjrbc-45,2016-07-31,N,0,BF,7.34,24.8,7.23,1.5,20.75,6.6,497,273,50,0.4,0.07,1,2,14.979
sjrbc-45,2016-08-31,Y,1,WW,7.29,22.3,7.56,1.3,17.2,6.6,497,273,100,0.6,0.08,2,3,43.213
sjrbc-45,2016-09-30,Y,1,WW,7.67,21.7,7.62,1.1,14.44,6.6,492,271,100,0.5,0.07,1,3,38.985
sjrbc-45,2016-10-31,Y,1,WW,7.96,15.9,7.99,0.6,7.51,6.5,482,265,100,0.4,0.06,1,3,32.767
sjrbc-45,2016-11-30,Y,1,WW,7.94,13.5,9.08,0.6,6.61,6.3,479,263,100,0.4,0.05,1,2,26.482
sjrbc-45,2016-12-29,N,1,WW,7.94,2.3,9.97,0.3,3.01,8.3,487,268,50,0.4,0.04,1,2,28.001
sjrbc-45,2017-01-31,Y,1,WW,7.96,2.1,10.55,0.3,2.84,8.1,457,251,200,0.9,0.09,411,13,39.999
sjrbc-45,2017-02-28,Y,1,WW,7.93,7.3,10.24,0.8,7.81,8.1,452,249,200,0.9,0.09,6,16,55.395
sjrbc-45,2017-03-31,Y,1,WW,8.03,12.3,9.31,0.9,9.67,8.8,479,263,200,0.9,0.09,5,14,67.011
sjrbc-46,2016-04-30,Y,1,WW,8.1,15.1,9.88,1.1,11.13,8.2,523,288,50,1.4,0.13,3,8,7.582
sjrbc-46,2016-05-31,N,0,BF,7.99,18.1,9.17,1.2,13.09,7.9,519,285,50,1.1,0.12,3,8,6.883
sjrbc-46,2016-06-30,N,0,BF,7.31,18.9,7.62,1.2,15.75,6.9,513,282,50,0.8,0.09,2,5,5.991
sjrbc-46,2016-07-31,N,0,BF,7.45,24.2,7.45,1.4,18.79,6.7,521,287,50,0.6,0.07,1,2,1.121
sjrbc-46,2016-08-31,Y,1,WW,7.23,22.1,7.49,1.3,17.36,6.7,521,287,50,0.6,0.08,2,3,6.741
sjrbc-46,2016-09-30,Y,1,WW,7.18,19.9,7.66,1.1,14.36,6.6,513,282,50,0.5,0.05,1,3,5.777
sjrbc-46,2016-10-31,Y,1,WW,7.35,15.1,9.94,0.6,6.04,6.3,503,277,50,0.5,0.05,1,3,4.802
sjrbc-46,2016-11-30,Y,1,WW,7.31,12.8,10.34,0.6,5.8,6.3,497,273,50,0.5,0.04,1,2,3.794
sjrbc-46,2016-12-29,N,1,WW,7.33,2.1,10.65,0.3,2.82,8.1,503,277,50,0.4,0.04,1,2,3.992
sjrbc-46,2017-01-31,Y,1,WW,7.38,1.8,10.93,0.3,2.74,7.8,488,268,100,0.7,0.11,3,8,5.507
sjrbc-46,2017-02-28,Y,1,WW,7.37,6.7,10.44,0.7,6.7,7.9,486,267,150,0.7,0.11,4,12,6.287
sjrbc-46,2017-03-31,Y,1,WW,8.01,12.1,10.12,0.9,8.89,7.9,499,274,150,1.2,0.11,4,9,7.907
sjrbc-47,2016-04-30,Y,1,WW,7.99,14.8,10.15,1.1,10.84,8.2,519,285,50,0.8,0.09,2,6,7.946
sjrbc-47,2016-05-31,N,0,BF,7.97,17.3,9.66,1.3,13.46,7.7,501,276,50,0.8,0.09,2,5,7.237
sjrbc-47,2016-06-30,N,0,BF,7.15,18.3,8.21,1.2,14.62,6.8,504,277,50,0.6,0.07,2,4,6.593
sjrbc-47,2016-07-31,N,0,BF,7.29,24.5,8.34,1.4,16.79,6.5,511,281,50,0.4,0.07,1,2,1.978
sjrbc-47,2016-08-31,Y,1,WW,7.12,22.3,8.51,1.4,16.45,6.5,511,281,50,0.5,0.08,2,4,7.252
sjrbc-47,2016-09-30,Y,1,WW,7.11,19.9,8.52,1.1,12.91,6.4,507,279,50,0.4,0.05,1,2,6.638
sjrbc-47,2016-10-31,Y,1,WW,7.4,14.8,8.75,0.7,8,6.1,497,273,50,0.4,0.05,1,2,4.909
sjrbc-47,2016-11-30,Y,1,WW,7.27,12.2,9.45,0.6,6.35,5.8,494,272,50,0.4,0.04,1,2,3.799
sjrbc-47,2016-12-29,N,1,WW,7.29,1.9,10.27,0.4,3.89,7.2,511,281,50,0.4,0.04,1,2,3.994
sjrbc-47,2017-01-31,Y,1,WW,7.33,1.7,11.09,0.4,3.61,6.7,497,273,50,0.5,0.06,2,6,6.003
sjrbc-47,2017-02-28,Y,1,WW,7.21,7.1,10.63,0.7,6.59,7.1,494,272,100,0.7,0.07,3,7,7.205
sjrbc-47,2017-03-31,Y,1,WW,7.98,11.5,10.25,0.9,8.78,7.9,505,278,100,0.7,0.09,3,7,8.234
sjrbc-48,2016-04-30,Y,1,WW,8.41,16.3,9.82,1.3,13.24,9.2,573,315,100,1.3,0.14,2,6,2.457
sjrbc-48,2016-05-31,N,0,BF,8.28,18.6,9.32,1.3,13.85,7.9,555,305,100,1.1,0.13,2,5,2.219
sjrbc-48,2016-06-30,N,0,BF,7.76,19.8,7.88,1.3,16.5,7.9,548,301,50,0.9,0.11,2,4,1.895
sjrbc-48,2016-07-31,N,0,BF,7.89,24.2,7.99,1.5,18.77,7.3,545,300,50,0.5,0.07,1,2,0.899
sjrbc-48,2016-08-31,Y,1,WW,7.54,22.1,7.89,1.4,17.74,7.1,545,300,50,0.5,0.08,2,4,6.354
sjrbc-48,2016-09-30,Y,1,WW,7.46,18.7,7.97,1.1,13.8,6.8,537,295,50,0.5,0.06,1,2,5.557
sjrbc-48,2016-10-31,Y,1,WW,7.67,14.3,8.45,0.7,8.28,6.6,524,288,50,0.5,0.05,1,2,4.345
sjrbc-48,2016-11-30,Y,1,WW,7.66,11.9,9.51,0.6,6.31,6.4,517,284,50,0.4,0.04,1,2,3.661
sjrbc-48,2016-12-29,N,1,WW,7.62,1.8,10.33,0.4,3.87,7.9,523,288,50,0.4,0.04,1,2,3.829
sjrbc-48,2017-01-31,Y,1,WW,7.63,1.6,11.27,0.4,3.55,7.3,509,280,100,1.1,0.11,2,7,6.135
sjrbc-48,2017-02-28,Y,1,WW,7.42,7.2,10.75,0.8,7.44,7.3,497,273,100,1.1,0.11,3,8,2.29
sjrbc-48,2017-03-31,Y,1,WW,8.23,13.1,9.99,0.8,8.01,8.7,511,281,100,1.1,0.13,3,8,2.881
sjrbc-49,2016-04-30,Y,1,WW,8.39,16.1,9.74,1.2,12.32,9.1,568,312,100,1.2,0.12,2,6,2.232
sjrbc-49,2016-05-31,N,0,BF,8.29,18.3,8.99,1.4,15.57,8.2,537,295,100,1.2,0.11,2,5,1.996
sjrbc-49,2016-06-30,N,0,BF,7.57,19.2,7.34,1.3,17.71,8.2,539,296,50,0.9,0.08,2,5,1.593
sjrbc-49,2016-07-31,N,0,BF,7.78,24.3,7.54,1.4,18.57,7.8,538,296,50,0.6,0.06,1,2,0.873
sjrbc-49,2016-08-31,Y,1,WW,7.61,22.1,7.54,1.4,18.57,7.4,538,296,50,0.6,0.08,2,3,6.335
sjrbc-49,2016-09-30,Y,1,WW,7.53,19.3,7.66,1.2,15.67,7.1,534,294,50,0.5,0.06,1,3,5.482
sjrbc-49,2016-10-31,Y,1,WW,7.71,14.4,8.17,0.8,9.79,6.9,522,287,50,0.4,0.06,1,2,4.333
sjrbc-49,2016-11-30,Y,1,WW,7.69,11.9,8.99,0.6,6.67,6.4,515,283,50,0.4,0.04,1,2,3.496
sjrbc-49,2016-12-29,N,1,WW,7.67,1.8,10.03,0.4,3.99,8.1,519,285,50,0.4,0.04,1,2,3.673
sjrbc-49,2017-01-31,Y,1,WW,7.69,1.7,10.86,0.4,3.68,7.6,492,271,100,1.2,0.11,2,6,5.997
sjrbc-49,2017-02-28,Y,1,WW,7.58,7.2,10.56,0.8,7.58,7.5,491,270,100,1.2,0.11,3,8,2.001
sjrbc-49,2017-03-31,Y,1,WW,8.27,13.1,9.83,0.9,9.16,8.8,517,284,100,1.2,0.11,3,6,2.704
sjrbc-50,2016-04-30,Y,1,WW,8.39,17.1,10.27,1.2,11.68,8.4,497,273,100,1.1,0.11,3,9,1.932
sjrbc-50,2016-05-31,N,0,BF,8.27,19.5,9.33,1.4,15.01,8.1,492,271,100,1.1,0.11,2,7,1.644
sjrbc-50,2016-06-30,N,0,BF,7.55,20.3,7.25,1.3,17.93,8.1,502,276,50,0.8,0.08,2,5,1.439
sjrbc-50,2016-07-31,N,0,BF,7.83,24.3,7.34,1.4,19.07,7.7,504,277,50,0.6,0.06,1,2,0.434
sjrbc-50,2016-08-31,Y,1,WW,7.69,22.1,7.45,1.3,17.45,7.5,504,277,50,0.6,0.08,2,5,6.792
sjrbc-50,2016-09-30,Y,1,WW,7.62,19.4,7.66,1.1,14.36,7.2,494,272,50,0.5,0.06,1,3,6.111
sjrbc-50,2016-10-31,Y,1,WW,7.89,14.3,8.23,0.6,7.29,6.9,476,262,50,0.5,0.06,1,2,3.011
sjrbc-50,2016-11-30,Y,1,WW,7.82,11.8,8.93,0.6,6.72,6.5,471,259,50,0.4,0.04,1,2,2.403
sjrbc-50,2016-12-29,N,1,WW,7.79,1.9,10.17,0.4,3.93,8.3,482,265,50,0.4,0.04,1,2,2.652
sjrbc-50,2017-01-31,Y,1,WW,7.82,1.7,10.98,0.4,3.64,7.8,470,259,100,1.1,0.11,3,8,4.813
sjrbc-50,2017-02-28,Y,1,WW,7.79,7.1,10.53,0.7,6.65,7.9,461,254,100,1.2,0.11,4,11,1.769
sjrbc-50,2017-03-31,Y,1,WW,8.29,13.9,10.33,0.9,8.71,8.1,493,271,100,0.9,0.11,3,12,2.211
